Year,FIPS,State,County,Life Expectancy,95% CI - Low,95% CI - High,Life Expectancy (Hispanic (all races)),Life Expectancy (Hispanic (all races)) 95% CI - Low,Life Expectancy (Hispanic (all races)) 95% CI - High,Life Expectancy (Non-Hispanic AIAN),Life Expectancy (Non-Hispanic AIAN) 95% CI - Low,Life Expectancy (Non-Hispanic AIAN) 95% CI - High,Life Expectancy (Non-Hispanic Asian),Life Expectancy (Non-Hispanic Asian) 95% CI - Low,Life Expectancy (Non-Hispanic Asian) 95% CI - High,Life Expectancy (Non-Hispanic Black),Life Expectancy (Non-Hispanic Black) 95% CI - Low,Life Expectancy (Non-Hispanic Black) 95% CI - High,Life Expectancy (Non-Hispanic Native Hawaiian and Other Pacific Islander),Life Expectancy (Non-Hispanic Native Hawaiian and Other Pacific Islander) 95% CI - Low,Life Expectancy (Non-Hispanic Native Hawaiian and Other Pacific Islander) 95% CI - High,Life Expectancy (Non-Hispanic 2+ races),Life Expectancy (Non-Hispanic 2+ races) 95% CI - Low,Life Expectancy (Non-Hispanic 2+ races) 95% CI - High,Life Expectancy (Non-Hispanic White),Life Expectancy (Non-Hispanic White) 95% CI - Low,Life Expectancy (Non-Hispanic White) 95% CI - High,# Deaths,Age-Adjusted Death Rate,95% CI - Low,95% CI - High,Age-Adjusted Mortality (Hispanic (all races)),Age-Adjusted Mortality (Hispanic (all races)) 95% CI - Low,Age-Adjusted Mortality (Hispanic (all races)) 95% CI - High,Age-Adjusted Mortality (Non-Hispanic AIAN),Age-Adjusted Mortality (Non-Hispanic AIAN) 95% CI - Low,Age-Adjusted Mortality (Non-Hispanic AIAN) 95% CI - High,Age-Adjusted Mortality (Non-Hispanic Asian),Age-Adjusted Mortality (Non-Hispanic Asian) 95% CI - Low,Age-Adjusted Mortality (Non-Hispanic Asian) 95% CI - High,Age-Adjusted Mortality (Non-Hispanic Black),Age-Adjusted Mortality (Non-Hispanic Black) 95% CI - Low,Age-Adjusted Mortality (Non-Hispanic Black) 95% CI - High,Age-Adjusted Mortality (Non-Hispanic Native Hawaiian and Other Pacific Islander),Age-Adjusted Mortality (Non-Hispanic Native Hawaiian and Other Pacific Islander) 95% CI - Low,Age-Adjusted Mortality (Non-Hispanic Native Hawaiian and Other Pacific Islander) 95% CI - High,Age-Adjusted Mortality (Non-Hispanic 2+ races),Age-Adjusted Mortality (Non-Hispanic 2+ races) 95% CI - Low,Age-Adjusted Mortality (Non-Hispanic 2+ races) 95% CI - High,Age-Adjusted Mortality (Non-Hispanic White),Age-Adjusted Mortality (Non-Hispanic White) 95% CI - Low,Age-Adjusted Mortality (Non-Hispanic White) 95% CI - High,# Deaths,Child Mortality Rate,95% CI - Low,95% CI - High,Child Mortality Rate (Hispanic (all races)),Child Mortality Rate (Hispanic (all races)) 95% CI - Low,Child Mortality Rate (Hispanic (all races)) 95% CI - High,Child Mortality Rate (Non-Hispanic AIAN),Child Mortality Rate (Non-Hispanic AIAN) 95% CI - Low,Child Mortality Rate (Non-Hispanic AIAN) 95% CI - High,Child Mortality Rate (Non-Hispanic Asian),Child Mortality Rate (Non-Hispanic Asian) 95% CI - Low,Child Mortality Rate (Non-Hispanic Asian) 95% CI - High,Child Mortality Rate (Non-Hispanic Black),Child Mortality Rate (Non-Hispanic Black) 95% CI - Low,Child Mortality Rate (Non-Hispanic Black) 95% CI - High,Child Mortality Rate (Non-Hispanic Native Hawaiian and Other Pacific Islander),Child Mortality Rate (Non-Hispanic Native Hawaiian and Other Pacific Islander) 95% CI - Low,Child Mortality Rate (Non-Hispanic Native Hawaiian and Other Pacific Islander) 95% CI - High,Child Mortality Rate (Non-Hispanic 2+ races),Child Mortality Rate (Non-Hispanic 2+ races) 95% CI - Low,Child Mortality Rate (Non-Hispanic 2+ races) 95% CI - High,Child Mortality Rate (Non-Hispanic White),Child Mortality Rate (Non-Hispanic White) 95% CI - Low,Child Mortality Rate (Non-Hispanic White) 95% CI - High,# Deaths,Infant Mortality Rate,95% CI - Low,95% CI - High,Infant Mortality Rate (Hispanic (all races)),Infant Mortality Rate (Hispanic (all races)) 95% CI - Low,Infant Mortality Rate (Hispanic (all races)) 95% CI - High,Infant Mortality Rate (Non-Hispanic AIAN),Infant Mortality Rate (Non-Hispanic AIAN) 95% CI - Low,Infant Mortality Rate (Non-Hispanic AIAN) 95% CI - High,Infant Mortality Rate (Non-Hispanic Asian),Infant Mortality Rate (Non-Hispanic Asian) 95% CI - Low,Infant Mortality Rate (Non-Hispanic Asian) 95% CI - High,Infant Mortality Rate (Non-Hispanic Black),Infant Mortality Rate (Non-Hispanic Black) 95% CI - Low,Infant Mortality Rate (Non-Hispanic Black) 95% CI - High,Infant Mortality Rate (Non-Hispanic Native Hawaiian and Other Pacific Islander),Infant Mortality Rate (Non-Hispanic Native Hawaiian and Other Pacific Islander) 95% CI - Low,Infant Mortality Rate (Non-Hispanic Native Hawaiian and Other Pacific Islander) 95% CI - High,Infant Mortality Rate (Non-Hispanic 2+ races),Infant Mortality Rate (Non-Hispanic 2+ races) 95% CI - Low,Infant Mortality Rate (Non-Hispanic 2+ races) 95% CI - High,Infant Mortality Rate (Non-Hispanic White),Infant Mortality Rate (Non-Hispanic White) 95% CI - Low,Infant Mortality Rate (Non-Hispanic White) 95% CI - High,% Frequent Physical Distress,95% CI - Low,95% CI - High,% Adults with Diabetes,95% CI - Low,95% CI - High,# HIV Cases,HIV Prevalence Rate,% Adults with Obesity,95% CI - Low,95% CI - High,% Frequent Mental Distress,95% CI - Low,95% CI - High,# Deaths,Suicide Rate (Age-Adjusted),95% CI - Low,95% CI - High,Crude Rate,Suicide Rate (Hispanic (all races)),Suicide Rate (Hispanic (all races)) 95% CI - Low,Suicide Rate (Hispanic (all races)) 95% CI - High,Suicide Rate (Non-Hispanic AIAN),Suicide Rate (Non-Hispanic AIAN) 95% CI - Low,Suicide Rate (Non-Hispanic AIAN) 95% CI - High,Suicide Rate (Non-Hispanic Asian),Suicide Rate (Non-Hispanic Asian) 95% CI - Low,Suicide Rate (Non-Hispanic Asian) 95% CI - High,Suicide Rate (Non-Hispanic Black),Suicide Rate (Non-Hispanic Black) 95% CI - Low,Suicide Rate (Non-Hispanic Black) 95% CI - High,Suicide Rate (Non-Hispanic Native Hawaiian and Other Pacific Islander),Suicide Rate (Non-Hispanic Native Hawaiian and Other Pacific Islander) 95% CI - Low,Suicide Rate (Non-Hispanic Native Hawaiian and Other Pacific Islander) 95% CI - High,Suicide Rate (Non-Hispanic 2+ races),Suicide Rate (Non-Hispanic 2+ races) 95% CI - Low,Suicide Rate (Non-Hispanic 2+ races) 95% CI - High,Suicide Rate (Non-Hispanic White),Suicide Rate (Non-Hispanic White) 95% CI - Low,Suicide Rate (Non-Hispanic White) 95% CI - High,% feeling lonely,95% CI - Low,95% CI - High,# Limited Access to Healthy Foods,% Limited Access to Healthy Foods,# Food Insecure,% Food Insecure,% Insufficient Sleep,95% CI - Low,95% CI - High,Teen Birth Rate,95% CI - Low,95% CI - High,Teen Birth Rate (Hispanic (all races)),Teen Birth Rate (Hispanic (all races)) 95% CI - Low,Teen Birth Rate (Hispanic (all races)) 95% CI - High,Teen Birth Rate (Non-Hispanic AIAN),Teen Birth Rate (Non-Hispanic AIAN) 95% CI - Low,Teen Birth Rate (Non-Hispanic AIAN) 95% CI - High,Teen Birth Rate (Non-Hispanic Asian),Teen Birth Rate (Non-Hispanic Asian) 95% CI - Low,Teen Birth Rate (Non-Hispanic Asian) 95% CI - High,Teen Birth Rate (Non-Hispanic Black),Teen Birth Rate (Non-Hispanic Black) 95% CI - Low,Teen Birth Rate (Non-Hispanic Black) 95% CI - High,Teen Birth Rate (Non-Hispanic Native Hawaiian and Other Pacific Islander),Teen Birth Rate (Non-Hispanic Native Hawaiian and Other Pacific Islander) 95% CI - Low,Teen Birth Rate (Non-Hispanic Native Hawaiian and Other Pacific Islander) 95% CI - High,Teen Birth Rate (Non-Hispanic 2+ races),Teen Birth Rate (Non-Hispanic 2+ races) 95% CI - Low,Teen Birth Rate (Non-Hispanic 2+ races) 95% CI - High,Teen Birth Rate (Non-Hispanic White),Teen Birth Rate (Non-Hispanic White) 95% CI - Low,Teen Birth Rate (Non-Hispanic White) 95% CI - High,# Chlamydia Cases,Chlamydia Rate,% Excessive Drinking,95% CI - Low,95% CI - High,# Alcohol-Impaired Driving Deaths,# Driving Deaths,% Driving Deaths with Alcohol Involvement,95% CI - Low,95% CI - High,# Drug Overdose Deaths,Drug Overdose Mortality Rate,95% CI - Low,95% CI - High,Drug Overdose Mortality Rate (Hispanic (all races)),Drug Overdose Mortality Rate (Hispanic (all races)) 95% CI - Low,Drug Overdose Mortality Rate (Hispanic (all races)) 95% CI - High,Drug Overdose Mortality Rate (Non-Hispanic AIAN),Drug Overdose Mortality Rate (Non-Hispanic AIAN) 95% CI - Low,Drug Overdose Mortality Rate (Non-Hispanic AIAN) 95% CI - High,Drug Overdose Mortality Rate (Non-Hispanic Asian),Drug Overdose Mortality Rate (Non-Hispanic Asian) 95% CI - Low,Drug Overdose Mortality Rate (Non-Hispanic Asian) 95% CI - High,Drug Overdose Mortality Rate (Non-Hispanic Black),Drug Overdose Mortality Rate (Non-Hispanic Black) 95% CI - Low,Drug Overdose Mortality Rate (Non-Hispanic Black) 95% CI - High,Drug Overdose Mortality Rate (Non-Hispanic Native Hawaiian and Other Pacific Islander),Drug Overdose Mortality Rate (Non-Hispanic Native Hawaiian and Other Pacific Islander) 95% CI - Low,Drug Overdose Mortality Rate (Non-Hispanic Native Hawaiian and Other Pacific Islander) 95% CI - High,Drug Overdose Mortality Rate (Non-Hispanic 2+ races),Drug Overdose Mortality Rate (Non-Hispanic 2+ races) 95% CI - Low,Drug Overdose Mortality Rate (Non-Hispanic 2+ races) 95% CI - High,Drug Overdose Mortality Rate (Non-Hispanic White),Drug Overdose Mortality Rate (Non-Hispanic White) 95% CI - Low,Drug Overdose Mortality Rate (Non-Hispanic White) 95% CI - High,% Adults Reporting Currently Smoking,95% CI - Low,95% CI - High,% Physically Inactive,95% CI - Low,95% CI - High,# Uninsured Adults,% Uninsured Adults,95% CI - Low,95% CI - High,# Uninsured Children,% Uninsured Children,95% CI - Low,95% CI - High,Other Primary Care Provider Rate,Other Primary Care Provider Ratio,Traffic Volume,# Homeowners,% Homeowners,95% CI - Low,95% CI - High,# Households with Severe Cost Burden,% Households with Severe Cost Burden,95% CI - Low,95% CI - High,% with access to parks,Adverse Climate Events,Days above 90F,Weeks in moderate or greater drought,Disaster declarations,% Census Participation,% Voter Turnout,Cohort Size,High School Graduation Rate,Average Grade Performance,Average Grade Performance (AIAN),Average Grade Performance (Asian),Average Grade Performance (Black),Average Grade Performance (Hispanic),Average Grade Performance (White),Average Grade Performance,Average Grade Performance (AIAN),Average Grade Performance (Asian),Average Grade Performance (Black),Average Grade Performance (Hispanic),Average Grade Performance (White),Segregation Index,Spending per Pupil,School Funding Adequacy,% Enrolled in Free or Reduced Lunch,Women's Median Earnings,Men's Median Earnings,Gender Pay Gap,95% CI - Low,95% CI - High,Median Household Income,95% CI - Low,95% CI - High,Household Income (AIAN),Household Income (AIAN) 95% CI - Low,Household Income (AIAN) 95% CI - High,Household Income (Asian),Household Income (Asian) 95% CI - Low,Household Income (Asian) 95% CI - High,Household Income (Black),Household Income (Black) 95% CI - Low,Household Income (Black) 95% CI - High,Household Income (Hispanic),Household Income (Hispanic) 95% CI - Low,Household Income (Hispanic) 95% CI - High,Household Income (White),Household Income (White) 95% CI - Low,Household Income (White) 95% CI - High,# Child Care Centers,"Child Care Centers per 1,000 Children",Segregation Index,Homicide Rate,95% CI - Low,95% CI - High,Homicide Rate (Hispanic (all races)),Homicide Rate (Hispanic (all races)) 95% CI - Low,Homicide Rate (Hispanic (all races)) 95% CI - High,Homicide Rate (Non-Hispanic AIAN),Homicide Rate (Non-Hispanic AIAN) 95% CI - Low,Homicide Rate (Non-Hispanic AIAN) 95% CI - High,Homicide Rate (Non-Hispanic Asian),Homicide Rate (Non-Hispanic Asian) 95% CI - Low,Homicide Rate (Non-Hispanic Asian) 95% CI - High,Homicide Rate (Non-Hispanic Black),Homicide Rate (Non-Hispanic Black) 95% CI - Low,Homicide Rate (Non-Hispanic Black) 95% CI - High,Homicide Rate (Non-Hispanic Native Hawaiian and Other Pacific Islander),Homicide Rate (Non-Hispanic Native Hawaiian and Other Pacific Islander) 95% CI - Low,Homicide Rate (Non-Hispanic Native Hawaiian and Other Pacific Islander) 95% CI - High,Homicide Rate (Non-Hispanic 2+ races),Homicide Rate (Non-Hispanic 2+ races) 95% CI - Low,Homicide Rate (Non-Hispanic 2+ races) 95% CI - High,Homicide Rate (Non-Hispanic White),Homicide Rate (Non-Hispanic White) 95% CI - Low,Homicide Rate (Non-Hispanic White) 95% CI - High,# Motor Vehicle Deaths,Motor Vehicle Mortality Rate,95% CI - Low,95% CI - High,MV Mortality Rate (Hispanic (all races)),MV Mortality Rate (Hispanic (all races)) 95% CI - Low,MV Mortality Rate (Hispanic (all races)) 95% CI - High,MV Mortality Rate (Non-Hispanic AIAN),MV Mortality Rate (Non-Hispanic AIAN) 95% CI - Low,MV Mortality Rate (Non-Hispanic AIAN) 95% CI - High,MV Mortality Rate (Non-Hispanic Asian),MV Mortality Rate (Non-Hispanic Asian) 95% CI - Low,MV Mortality Rate (Non-Hispanic Asian) 95% CI - High,MV Mortality Rate (Non-Hispanic Black),MV Mortality Rate (Non-Hispanic Black) 95% CI - Low,MV Mortality Rate (Non-Hispanic Black) 95% CI - High,MV Mortality Rate (Non-Hispanic Native Hawaiian and Other Pacific Islander),MV Mortality Rate (Non-Hispanic Native Hawaiian and Other Pacific Islander) 95% CI - Low,MV Mortality Rate (Non-Hispanic Native Hawaiian and Other Pacific Islander) 95% CI - High,MV Mortality Rate (Non-Hispanic 2+ races),MV Mortality Rate (Non-Hispanic 2+ races) 95% CI - Low,MV Mortality Rate (Non-Hispanic 2+ races) 95% CI - High,MV Mortality Rate (Non-Hispanic White),MV Mortality Rate (Non-Hispanic White) 95% CI - Low,MV Mortality Rate (Non-Hispanic White) 95% CI - High,# Firearm Fatalities,Firearm Fatalities Rate,95% CI - Low,95% CI - High,Firearm Fatalities Rate (Hispanic (all races)),Firearm Fatalities Rate (Hispanic (all races)) 95% CI - Low,Firearm Fatalities Rate (Hispanic (all races)) 95% CI - High,Firearm Fatalities Rate (Non-Hispanic AIAN),Firearm Fatalities Rate (Non-Hispanic AIAN) 95% CI - Low,Firearm Fatalities Rate (Non-Hispanic AIAN) 95% CI - High,Firearm Fatalities Rate (Non-Hispanic Asian),Firearm Fatalities Rate (Non-Hispanic Asian) 95% CI - Low,Firearm Fatalities Rate (Non-Hispanic Asian) 95% CI - High,Firearm Fatalities Rate (Non-Hispanic Black),Firearm Fatalities Rate (Non-Hispanic Black) 95% CI - Low,Firearm Fatalities Rate (Non-Hispanic Black) 95% CI - High,Firearm Fatalities Rate (Non-Hispanic Native Hawaiian and Other Pacific Islander),Firearm Fatalities Rate (Non-Hispanic Native Hawaiian and Other Pacific Islander) 95% CI - Low,Firearm Fatalities Rate (Non-Hispanic Native Hawaiian and Other Pacific Islander) 95% CI - High,Firearm Fatalities Rate (Non-Hispanic 2+ races),Firearm Fatalities Rate (Non-Hispanic 2+ races) 95% CI - Low,Firearm Fatalities Rate (Non-Hispanic 2+ races) 95% CI - High,Firearm Fatalities Rate (Non-Hispanic White),Firearm Fatalities Rate (Non-Hispanic White) 95% CI - Low,Firearm Fatalities Rate (Non-Hispanic White) 95% CI - High,% Disconnected Youth,95% CI - Low,95% CI - High,% lacking support,95% CI - Low,95% CI - High,% Below 18 Years of Age,% 65 and Over,% Female,# American Indian or Alaska Native,% American Indian or Alaska Native,# Asian,% Asian,# Hispanic,% Hispanic,# Native Hawaiian or Other Pacific Islander,% Native Hawaiian or Other Pacific Islander,# Non-Hispanic Black,% Non-Hispanic Black,# Non-Hispanic White,% Non-Hispanic White,% with disability,# Not Proficient in English,% Not Proficient in English,95% CI - Low,95% CI - High,# Children in Single-Parent Households,# Children in Households,% Children in Single-Parent Households,95% CI - Low,95% CI - High,# Rural Residents,% Rural,Population
2025,36000,New York,Total,79.4,79.3,79.4,,,,,,,,,,,,,,,,,,,,,,239397,336,335,338,,,,,,,,,,,,,,,,,,,,,,6768,37,37,38,,,,,,,,,,,,,,,,,,,,,,6628,4,4,4,,,,,,,,,,,,,,,,,,,,,,12,11,12,10,9,11,124940,742,30,29,31,16,15,17,8484,8,8,8,9,,,,,,,,,,,,,,,,,,,,,,,,,462057,2,2638700,13,39,38,40,10,10,10,,,,,,,,,,,,,,,,,,,,,,103673,526.9,20,19,21,1149,5252,22,21,23,17165,29,29,30,,,,,,,,,,,,,,,,,,,,,,12,11,12,25,24,26,806533,7,7,7,102987,3,2,3,164,609:01:00,438,4164793,54,54,55,1443604,19,19,20,63,,,,,,62.9,205842,87,,,,,,,,,,,,,0.33,29883,12745,57,63701,72658,0.88,0.87,0.89,82052,81460,82644,,,,,,,,,,,,,,,,,6,75,4,4,4,,,,,,,,,,,,,,,,,,,,,,8106,6,6,6,,,,,,,,,,,,,,,,,,,,,,4799,5,5,5,,,,,,,,,,,,,,,,,,,,,,7,6,7,,,,20.2,18.6,51.2,208676,1.1,1904259,9.7,3873130,19.8,28938,0.1,2801614,14.3,10577177,54,27,1262816,7,7,7,1073685,4087617,26,26,27,2536083,12.6,19571216
2025,36001,New York,Albany,78.5,78.2,78.8,84,80.7,87.3,,,,86.9,84.2,89.6,71.1,70.1,72.1,,,,,,,79.3,79,79.7,4043,363,351,375,317,264,370,,,,182,147,223,731,681,780,,,,,,,327,314,340,126,46,38,54,57,33,93,,,,,,,101,73,135,,,,,,,29,21,39,111,5,4,6,,,,,,,,,,13,9,17,,,,,,,3,2,4,10,9,11,8,7,10,1140,413,34,29,38,16,15,18,154,9,8,11,10,,,,,,,,,,,,,,,,,,,,,,,,,16860,6,36690,12,37,33,42,8,7,8,18,15,21,,,,2,1,3,17,15,19,,,,19,14,24,4,3,4,1481,469,23,20,27,27,90,30,25,36,281,30,27,34,27,16,44,,,,,,,59,46,74,,,,,,,27,23,31,13,11,14,22,19,25,9759,5,4,6,1434,2,2,3,281,355:01:00,186,75285,57,56,58,19093,15,14,16,62,0,9,13,1,64.7,65.6,3075,89,,,,,,,,,,,,,0.19,23138,8638,44,63828,72203,0.88,0.84,0.92,81193,77561,84825,46528,8836,84220,89978,72432,107524,50099,45418,54780,59512,46770,72254,91170,88787,93553,132,9,56,4,3,5,,,,,,,,,,20,15,25,,,,,,,1,1,2,118,5,4,6,7,4,13,,,,,,,9,6,13,,,,,,,5,4,6,103,7,5,8,,,,,,,,,,23,17,30,,,,,,,5,4,6,4,3,6,,,,17.9,18.7,51.4,1199,0.4,23654,7.5,23259,7.3,269,0.1,41020,13,219451,69.3,22,4818,2,1,2,15345,56706,27,24,30,30125,9.6,316659
2025,36003,New York,Allegany,76.8,76,77.6,,,,,,,,,,,,,,,,,,,,,,760,432,398,465,,,,,,,,,,,,,,,,,,,,,,16,34,19,54,,,,,,,,,,,,,,,,,,,,,,,,,,,,,,,,,,,,,,,,,,,,,,,13,11,14,9,8,11,31,77,34,27,42,19,17,21,37,18,12,25,16,,,,,,,,,,,,,,,,,,,,,,,,,648,1,6770,14,39,32,46,10,9,12,,,,,,,,,,,,,,,,,,,,,,98,209.9,23,18,28,4,20,20,9,33,26,19,12,28,,,,,,,,,,,,,,,,,,,,,,17,15,19,24,20,29,1386,6,5,7,275,3,2,4,90,1111:01:00,8,13698,80,78,83,1780,11,9,13,13,0,0,51,1,47.7,57.1,493,91,,,,,,,,,,,,,0.05,27695,12270,49,42640,54283,0.79,0.74,0.83,57488,52418,62558,15938,8200,23676,96964,90529,103399,,,,41827,18871,64783,61515,58541,64489,16,7,60,,,,,,,,,,,,,,,,,,,,,,,,,30,9,6,13,,,,,,,,,,,,,,,,,,,,,,27,12,8,17,,,,,,,,,,,,,,,,,,,,,,3,2,5,,,,19.8,20.9,49,176,0.4,560,1.2,1030,2.2,23,0,686,1.5,43580,93.4,27,269,1,0,1,1728,9269,19,15,22,41117,88.5,46651
2025,36005,New York,Bronx,76.7,76.5,76.8,78.8,78.6,79.1,,,,86.5,85.1,88,74,73.7,74.3,,,,,,,75.5,75,76.1,21458,483,476,489,404,395,412,,,,236,215,258,597,584,611,,,,,,,536,513,559,686,45,42,48,31,27,34,,,,32,19,50,69,61,77,,,,,,,53,40,70,652,5,5,5,3,3,4,,,,3,2,5,7,6,8,,,,,,,5,3,6,17,15,18,15,14,17,27139,2382,37,34,41,19,17,20,387,5,5,6,5,5,4,5,,,,5,3,8,6,5,7,,,,,,,10,8,13,,,,8,0,290990,20,44,40,47,17,16,17,20,19,21,,,,5,3,6,13,12,14,,,,7,4,10,9,8,10,14979,1085.5,17,15,19,30,220,14,11,17,2247,53,51,56,48,45,51,,,,8,4,13,63,59,68,,,,,,,74,65,82,16,15,18,36,33,39,74149,9,8,10,9900,3,2,4,159,627:01:00,1013,107439,20,20,21,158278,31,30,32,94,1,48,13,3,60.6,50.5,14870,78,,,,,,,,,,,,,0.16,,,88,49612,51169,0.97,0.94,1,46894,44603,49185,47741,37569,57913,73570,66439,80701,50354,47737,52971,42306,40851,43761,77279,74148,80410,623,6,53,8,7,8,5,5,6,,,,,,,14,13,16,,,,,,,2,2,4,428,4,4,5,4,3,4,,,,,,,4,4,5,,,,,,,7,6,9,437,6,6,7,4,3,5,,,,,,,12,11,14,,,,,,,3,2,5,10,9,12,,,,23.9,15.3,52.8,41622,3.1,67862,5,746247,55,5546,0.4,407215,30,122561,9,38,192092,15,14,15,177584,344021,52,50,54,1,0,1356476
2025,36007,New York,Broome,76.5,76.1,76.9,79.8,75.8,83.9,,,,85.8,82.5,89.1,70.4,68.1,72.6,,,,,,,76.7,76.3,77.1,3085,445,428,462,427,335,537,,,,168,116,236,816,707,926,,,,,,,437,419,455,81,45,35,55,,,,,,,,,,84,44,147,,,,,,,40,30,52,66,5,4,6,,,,,,,,,,,,,,,,,,,,,,12,11,13,9,8,10,426,249,33,29,38,19,17,20,106,11,9,13,11,,,,,,,,,,,,,,,,,,,,,,,,,7370,4,29030,15,37,32,41,12,11,13,19,15,24,,,,,,,21,16,26,,,,14,10,19,11,10,12,612,310.5,19,16,23,25,68,37,31,43,268,46,40,51,63,38,100,,,,,,,97,67,136,,,,,,,43,37,49,16,14,18,24,21,27,6827,6,5,7,986,3,2,3,230,436:01:00,120,52810,65,64,66,11450,14,13,16,53,0,0,,1,63.3,62.7,2076,84,,,,,,,,,,,,,0.14,23823,10237,50,49389,61289,0.81,0.77,0.85,63590,59716,67464,59338,40752,77924,54453,41227,67679,36895,29098,44692,41250,21527,60973,63880,61415,66345,57,6,62,2,2,3,,,,,,,,,,15,7,26,,,,,,,1,1,2,83,6,5,8,,,,,,,,,,,,,,,,,,,,,,48,5,4,7,,,,,,,,,,,,,,,,,,,,,,4,2,6,,,,19,20.7,50.6,620,0.3,10070,5.1,11213,5.7,180,0.1,11722,6,157351,80.2,27,2448,1,1,2,9301,37880,25,21,28,49566,24.9,196077
2025,36009,New York,Cattaraugus,74.5,73.8,75.1,79,71.7,86.2,64.5,60.7,68.4,,,,,,,,,,,,,74.7,74.1,75.4,1502,504,477,532,,,,1013,796,1272,,,,1037,671,1530,,,,,,,491,462,519,44,58,43,79,,,,,,,,,,,,,,,,,,,,,,32,6,4,8,,,,,,,,,,,,,,,,,,,,,,14,12,15,10,8,11,79,122,37,30,44,19,18,21,56,16,12,21,15,,,,,,,,,,,,,,,,,,,,,,,,,1940,2,11410,15,40,34,47,15,13,16,19,10,33,21,12,35,,,,,,,,,,21,12,35,14,12,16,178,232.9,22,18,27,11,43,26,18,34,71,31,24,39,,,,,,,,,,,,,,,,,,,,,,19,17,21,26,23,31,3245,8,6,9,636,4,2,5,138,727:01:00,34,23732,75,73,76,3532,11,10,13,30,0,0,55,1,52.8,59.1,1009,89,,,,,,,,,,,,,0.17,25494,12776,50,47492,53173,0.89,0.85,0.94,55944,50424,61464,38030,30937,45123,89010,23595,154425,41784,25359,58209,40552,23594,57510,59115,56808,61422,19,4,49,,,,,,,,,,,,,,,,,,,,,,,,,60,11,9,14,,,,,,,,,,,,,,,,,,,,,,34,9,6,12,,,,,,,,,,,,,,,,,,,,,,9,6,13,,,,21.7,21.2,49.9,2825,3.7,679,0.9,1860,2.5,36,0,1108,1.5,67746,89.6,30,481,1,0,1,3842,16774,23,19,27,47619,61.8,75600
2025,36011,New York,Cayuga,77.6,77,78.2,,,,,,,,,,73.8,68.9,78.7,,,,,,,77.4,76.8,78.1,1163,382,359,406,,,,,,,,,,570,397,793,,,,,,,386,361,411,29,45,30,64,,,,,,,,,,,,,,,,,,,,,,34,7,5,9,,,,,,,,,,,,,,,,,,,,,,14,12,16,9,8,11,143,220,41,34,48,20,18,22,55,15,11,19,14,,,,,,,,,,,,,,,,,,,,,,,,,795,1,9870,13,39,33,46,13,11,15,19,10,33,,,,,,,38,23,58,,,,23,14,37,11,9,13,190,253.3,23,18,27,11,31,35,26,45,75,33,26,41,,,,,,,,,,,,,,,,,,,,,,18,16,21,26,22,30,2916,7,6,8,547,4,2,5,126,792:01:00,56,22533,72,70,74,3785,12,11,14,53,0,2,19,1,60.3,60.2,718,84,,,,,,,,,,,,,0.1,23468,11591,54,51589,62392,0.83,0.77,0.89,66431,60574,72288,,,,136389,63839,208939,50219,9973,90465,44219,13053,75385,67645,64274,71016,26,7,61,,,,,,,,,,,,,,,,,,,,,,,,,50,9,7,12,,,,,,,,,,,,,,,,,,,,,,23,6,4,9,,,,,,,,,,,,,,,,,,,,,,6,3,10,,,,19.1,22,48.9,395,0.5,542,0.7,2770,3.7,72,0.1,2717,3.6,66363,89.1,31,395,1,0,1,3568,14676,24,21,28,44815,58.8,74485
2025,36013,New York,Chautauqua,75.7,75.2,76.2,73.5,71,76.1,,,,,,,68.7,64.7,72.6,,,,,,,76.1,75.5,76.6,2240,460,439,481,611,508,714,991,614,1516,,,,825,623,1071,,,,,,,443,421,464,46,39,29,52,,,,,,,,,,,,,,,,,,,,,,59,7,5,8,,,,,,,,,,,,,,,,,,,,,,14,12,15,10,8,11,240,222,35,28,42,20,18,22,87,12,10,15,14,,,,,,,,,,,,,,,,,,,,,,,,,7619,6,19150,15,42,36,48,20,19,22,44,37,51,,,,,,,,,,,,,34,24,47,17,16,19,434,344.4,22,18,26,9,55,16,10,24,171,45,38,52,87,57,126,,,,,,,149,77,260,,,,,,,39,33,46,18,16,20,28,24,32,4561,6,5,8,1047,4,3,5,127,785:01:00,61,37020,69,68,71,6998,13,12,15,10,1,2,18,2,58.8,59.7,1450,86,,,,,,,,,,,,,0.18,24665,10831,58,48078,56029,0.86,0.81,0.91,56040,51130,60950,31106,10259,51953,52701,14769,90633,31631,24451,38811,31360,25395,37325,59300,56549,62051,38,6,63,2,1,3,,,,,,,,,,,,,,,,,,,,,,64,7,6,9,,,,,,,,,,,,,,,,,,,,,,51,8,6,11,,,,,,,,,,,,,,,,,,,,,,10,7,13,,,,20.5,22,50.4,1145,0.9,844,0.7,12238,9.8,70,0.1,2571,2.1,106003,84.9,31,1981,2,1,2,6725,25880,26,23,29,56257,44.1,124891
2025,36015,New York,Chemung,75,74.4,75.6,88.8,70.9,106.7,,,,,,,70.5,67.9,73.2,,,,,,,75,74.4,75.7,1514,481,455,507,330,201,509,,,,,,,699,567,853,,,,,,,478,451,505,38,49,35,68,,,,,,,,,,,,,,,,,,,,,,36,6,4,8,,,,,,,,,,,,,,,,,,,,,,13,12,15,10,8,11,175,252,34,28,41,18,16,20,66,16,12,20,16,,,,,,,,,,,,,,,,,,,,,,,,,5493,6,11490,14,36,30,42,21,19,23,36,24,52,,,,,,,42,30,58,,,,26,18,37,18,16,20,459,563.7,22,18,26,10,36,28,19,37,98,40,32,48,,,,,,,,,,119,69,190,,,,,,,35,28,44,16,15,19,27,23,31,2625,6,5,7,430,2,2,3,178,561:01:00,81,24384,70,68,71,5141,15,13,17,48,0,1,23,0,67.9,61.2,829,83,,,,,,,,,,,,,0.07,21149,9909,53,50375,59575,0.85,0.78,0.91,60456,55613,65299,,,,66019,55356,76682,44907,34443,55371,50181,17799,82563,64602,61408,67796,29,6,56,4,3,6,,,,,,,,,,,,,,,,,,,,,,59,10,8,13,,,,,,,,,,,,,,,,,,,,,,34,8,6,11,,,,,,,,,,,,,,,,,,,,,,11,7,16,,,,20.9,20.9,50.2,323,0.4,1260,1.5,3171,3.9,36,0,4708,5.8,69012,84.9,28,487,1,0,1,4529,17500,26,22,30,21800,25.9,81325
2025,36017,New York,Chenango,74.9,74,75.7,,,,,,,,,,,,,,,,,,,,,,899,481,447,516,,,,,,,,,,,,,,,,,,,,,,20,48,29,74,,,,,,,,,,,,,,,,,,,,,,23,7,4,11,,,,,,,,,,,,,,,,,,,,,,13,12,15,10,9,11,61,153,38,31,44,19,17,21,40,17,12,23,17,,,,,,,,,,,,,,,,,,,,,,,,,915,2,6240,13,40,34,47,19,17,22,,,,,,,,,,,,,,,,,,,,,,99,213.1,24,20,29,8,34,24,15,33,59,42,32,54,,,,,,,,,,,,,,,,,,,,,,19,17,22,27,23,31,1420,5,4,6,307,3,2,4,115,866:01:00,21,15112,76,74,78,2086,11,9,13,22,1,0,5,2,55.9,60.1,547,87,,,,,,,,,,,,,0.06,26913,14240,47,47352,54828,0.86,0.78,0.95,57407,51631,63183,,,,58077,36913,79241,,,,,,,62143,59466,64820,13,5,,,,,,,,,,,,,,,,,,,,,,,,,,46,14,10,19,,,,,,,,,,,,,,,,,,,,,,26,11,7,16,,,,,,,,,,,,,,,,,,,,,,15,8,23,,,,20.6,22.8,49.6,209,0.5,281,0.6,1189,2.6,8,0,427,0.9,43227,94.1,29,158,0,0,1,2039,9603,21,17,25,39362,83.4,45920
2025,36019,New York,Clinton,77.8,77.2,78.4,87,77.8,96.2,,,,,,,79.5,76.6,82.4,,,,,,,77.5,76.9,78.1,1172,383,360,406,,,,,,,,,,,,,,,,,,,,,,23,34,21,50,,,,,,,,,,,,,,,,,,,,,,30,6,4,9,,,,,,,,,,,,,,,,,,,,,,13,12,15,10,9,11,172,250,42,37,48,20,18,22,46,11,8,15,12,,,,,,,,,,,,,,,,,,,,,,,,,2650,3,10400,13,36,32,42,10,8,11,,,,,,,,,,,,,,,,,,,,,,172,218.4,21,18,26,10,30,33,24,43,57,24,18,31,,,,,,,,,,,,,,,,,,,,,,19,17,21,28,25,32,2676,6,5,7,392,3,2,4,145,691:01:00,42,22911,69,67,71,3970,12,11,14,48,0,7,30,1,63.1,55.7,834,87,,,,,,,,,,,,,0.1,25010,13551,45,55232,60145,0.92,0.85,0.98,64282,57530,71034,,,,63452,34352,92552,58581,53994,63168,54808,39034,70582,69841,66691,72991,27,7,71,,,,,,,,,,,,,,,,,,,,,,,,,39,7,5,9,,,,,,,,,,,,,,,,,,,,,,20,5,3,8,,,,,,,,,,,,,,,,,,,,,,4,1,6,,,,18.2,19.8,49.1,384,0.5,1090,1.4,2688,3.4,36,0,2345,3,70404,90.1,30,213,0,0,0,3032,14286,21,17,25,50885,63.7,78115
2025,36021,New York,Columbia,79.2,78.4,80,101.8,64.1,139.4,,,,,,,71.1,66.6,75.6,,,,,,,79.4,78.5,80.3,931,353,327,379,361,243,515,,,,,,,761,585,973,,,,,,,339,312,366,21,48,30,74,,,,,,,,,,,,,,,,,,,,,,,,,,,,,,,,,,,,,,,,,,,,,,,11,10,13,8,7,9,215,392,33,26,40,17,15,19,44,13,9,18,15,,,,,,,,,,,,,,,,,,,,,,,,,4499,7,6790,11,37,30,43,9,7,11,17,9,29,,,,,,,,,,,,,28,15,49,7,5,9,124,202.3,23,19,28,6,33,18,10,28,43,24,17,32,,,,,,,,,,,,,,,,,,,,,,15,13,17,23,20,27,2122,6,5,7,359,4,2,5,94,1061:01:00,24,19668,75,74,77,3796,15,13,17,12,0,3,18,1,53.6,74.7,518,89,,,,,,,,,,,,,0.11,29750,16509,49,62767,69485,0.9,0.82,0.99,73112,65046,81178,,,,144375,86411,202339,23278,10381,36175,60172,22472,97872,87829,82799,92859,16,7,55,,,,,,,,,,,,,,,,,,,,,,,,,41,10,7,13,,,,,,,,,,,,,,,,,,,,,,21,7,4,11,,,,,,,,,,,,,,,,,,,,,,13,6,19,,,,15.5,27.4,49.5,248,0.4,1341,2.2,3856,6.4,37,0.1,2582,4.3,51385,85,24,595,1,1,1,2764,9793,28,23,33,50960,82.8,60470
2025,36023,New York,Cortland,76.2,75.4,77,,,,,,,,,,,,,,,,,,,,,,713,429,396,462,,,,,,,,,,,,,,,,,,,,,,17,37,21,59,,,,,,,,,,,,,,,,,,,,,,,,,,,,,,,,,,,,,,,,,,,,,,,13,11,14,9,8,11,48,120,34,27,41,19,17,20,22,9,6,14,9,,,,,,,,,,,,,,,,,,,,,,,,,2127,4,5870,13,39,32,46,8,7,10,12,6,21,,,,,,,,,,,,,,,,8,6,9,134,290.5,23,19,28,7,18,39,26,51,41,29,21,40,,,,,,,,,,,,,,,,,,,,,,17,15,19,26,21,30,1413,5,4,6,240,3,2,4,131,763:01:00,69,12460,66,64,68,2493,14,11,16,67,1,0,14,2,61.6,57.4,474,89,,,,,,,,,,,,,0.07,24566,12358,50,51104,58125,0.88,0.81,0.95,63890,56680,71100,,,,59211,12009,106413,,,,39129,33181,45077,69468,65697,73239,24,10,67,,,,,,,,,,,,,,,,,,,,,,,,,24,7,5,11,,,,,,,,,,,,,,,,,,,,,,,,,,,,,,,,,,,,,,,,,,,,,,,,,,,,,18.4,17.9,50.9,203,0.4,524,1.1,1630,3.6,21,0,908,2,41692,91.1,29,170,0,0,1,1830,8631,21,16,26,21943,46.9,45752
2025,36025,New York,Delaware,76.7,75.7,77.6,80.4,73.7,87.2,,,,,,,,,,,,,,,,76.4,75.5,77.4,795,410,377,443,,,,,,,,,,,,,,,,,,,,,,18,52,31,82,,,,,,,,,,,,,,,,,,,,,,,,,,,,,,,,,,,,,,,,,,,,,,,12,11,14,9,8,11,65,163,36,29,43,18,16,20,43,19,13,26,19,,,,,,,,,,,,,,,,,,,,,,,,,1774,4,6210,14,42,36,48,10,8,12,,,,,,,,,,,,,,,,,,,,,,104,232.5,22,18,26,3,34,9,3,18,40,30,21,41,,,,,,,,,,,,,,,,,,,,,,16,14,18,24,21,28,1596,7,5,8,201,3,2,4,104,965:01:00,6,14530,77,76,78,2652,14,12,17,19,0,0,3,1,42.7,63.2,462,90,,,,,,,,,,,,,0.09,33535,16802,48,50229,53980,0.93,0.83,1.03,56163,49973,62353,66071,65326,66816,,,,,,,46920,25926,67914,60737,57151,64323,17,10,69,,,,,,,,,,,,,,,,,,,,,,,,,39,12,9,17,,,,,,,,,,,,,,,,,,,,,,29,13,9,19,,,,,,,,,,,,,,,,,,,,,,8,3,12,,,,15.7,27.1,49.1,172,0.4,607,1.4,2223,5,34,0.1,852,1.9,39993,90.1,27,239,1,0,1,1627,7136,23,18,28,40120,90.5,44410
2025,36027,New York,Dutchess,79.3,79,79.6,82.7,81.2,84.1,,,,91.6,87.4,95.9,75.2,74.1,76.3,,,,,,,79.2,78.8,79.6,3736,327,316,338,258,227,289,,,,147,110,192,504,460,548,,,,,,,325,312,338,85,33,26,41,21,11,38,,,,,,,65,39,102,,,,,,,33,24,43,70,4,3,5,,,,,,,,,,9,6,15,,,,,,,3,2,4,10,9,12,8,7,10,876,336,34,29,39,16,14,17,208,13,11,15,14,,,,,,,,,,,,,,,,,,,,,,,,,16830,6,29700,10,37,32,41,6,5,7,14,12,16,,,,,,,13,11,16,,,,12,8,17,3,2,3,944,317.3,20,17,24,25,115,22,17,27,354,40,36,44,33,24,45,,,,,,,57,43,74,,,,,,,41,36,46,12,10,13,20,17,23,9496,5,5,6,1274,2,2,3,136,737:01:00,77,79284,69,68,70,17636,16,15,17,34,1,9,30,4,64.9,67.6,3397,88,,,,,,,,,,,,,0.11,29264,16377,37,64438,79755,0.81,0.77,0.85,96374,91956,100792,96719,58646,134792,116250,92989,139511,65599,57260,73938,77386,67618,87154,105127,101915,108339,108,8,49,2,2,3,,,,,,,,,,9,5,14,,,,,,,1,1,2,186,9,8,10,7,5,11,,,,,,,11,7,16,,,,,,,10,8,11,99,7,5,8,,,,,,,,,,8,4,13,,,,,,,8,6,10,6,5,8,,,,18.2,19.7,50.3,1820,0.6,11048,3.7,47341,15.9,327,0.1,31319,10.5,200603,67.5,23,6079,2,2,3,11097,54875,20,18,22,93921,31.7,297150
2025,36029,New York,Erie,77,76.9,77.2,76.9,75.8,78.1,70.9,68,73.7,84,82.2,85.7,69.4,68.9,70,,,,,,,78.4,78.2,78.6,13942,398,391,405,486,447,526,726,597,855,251,218,285,787,758,817,,,,,,,342,334,349,406,48,43,53,65,49,85,,,,42,26,65,99,83,115,,,,,,,32,27,37,416,6,6,7,9,7,12,,,,,,,11,9,13,,,,,,,4,4,5,12,11,13,9,8,10,2374,291,33,29,37,18,17,20,472,10,9,11,10,8,5,12,,,,8,4,14,5,3,7,,,,,,,11,10,12,,,,52889,6,117030,12,39,35,43,12,12,13,28,26,31,14,9,22,7,5,8,34,32,36,,,,16,13,19,5,4,5,4112,432.7,23,20,26,63,254,25,22,28,963,34,32,36,52,42,65,113,67,179,,,,66,57,74,,,,,,,29,26,31,16,14,17,26,23,28,28319,5,4,6,4389,2,2,3,222,451:01:00,184,267519,65,65,66,56645,14,14,15,74,1,3,49,4,69.4,67.4,9822,89,,,,,,,,,,,,,0.27,21919,9418,51,56317,66347,0.85,0.83,0.87,70443,68185,72701,41552,31906,51198,54244,49011,59477,41319,39482,43156,41087,37795,44379,79808,78451,81165,316,6,72,7,6,8,14,11,19,,,,,,,37,33,41,,,,,,,2,1,2,376,6,5,6,5,3,8,,,,,,,10,8,13,,,,,,,5,5,6,410,9,8,10,15,11,21,,,,,,,33,28,37,,,,,,,5,4,5,6,4,7,,,,20,19.9,51.3,7513,0.8,47704,5,60983,6.4,595,0.1,121155,12.8,691873,73.1,28,16014,2,2,2,53624,191830,28,26,30,98368,10.3,946147
2025,36031,New York,Essex,78.4,77.5,79.4,,,,,,,,,,,,,,,,,,,,,,575,345,313,377,,,,,,,,,,,,,,,,,,,,,,12,46,24,81,,,,,,,,,,,,,,,,,,,,,,,,,,,,,,,,,,,,,,,,,,,,,,,12,11,13,8,7,10,57,172,36,30,43,18,16,20,20,11,7,18,11,,,,,,,,,,,,,,,,,,,,,,,,,259,1,4490,12,36,31,42,9,7,12,,,,,,,,,,,,,,,,,,,,,,34,92.1,22,18,27,5,18,28,15,41,28,25,17,36,,,,,,,,,,,,,,,,,,,,,,18,16,20,23,20,27,1268,6,5,7,164,3,2,4,82,1226:01:00,8,12520,78,77,80,1874,12,10,14,100,1,0,48,2,42.6,63.7,,,,,,,,,,,,,,,0.17,36276,21047,49,49580,57063,0.87,0.79,0.94,70902,64803,77001,,,,,,,,,,80865,76596,85134,71701,66931,76471,13,9,,,,,,,,,,,,,,,,,,,,,,,,,,16,6,3,10,,,,,,,,,,,,,,,,,,,,,,12,6,3,11,,,,,,,,,,,,,,,,,,,,,,,,,,,,15.4,27.4,48.7,203,0.6,299,0.8,1062,2.9,20,0.1,622,1.7,34168,92.9,25,141,0,0,1,1260,5801,22,15,28,32335,86.5,36775
2025,36033,New York,Franklin,77.3,76.5,78.1,,,,75.4,71.1,79.8,,,,76.8,69.8,83.8,,,,,,,77.1,76.2,77.9,704,389,359,419,,,,480,353,638,,,,,,,,,,,,,396,362,429,19,45,27,70,,,,,,,,,,,,,,,,,,,,,,,,,,,,,,,,,,,,,,,,,,,,,,,14,12,15,10,9,11,151,378,37,31,43,19,17,21,40,16,11,21,16,,,,,,,,,,,,,,,,,,,,,,,,,3912,8,7040,15,37,32,43,18,15,21,,,,15,8,25,,,,,,,,,,,,,19,16,22,67,144.5,24,20,28,8,27,30,19,40,28,19,13,28,,,,,,,,,,,,,,,,,,,,,,18,16,21,27,24,31,1770,7,6,8,327,3,2,5,151,664:01:00,26,13692,71,69,73,2036,11,9,13,41,0,0,58,1,50.3,48.6,542,88,,,,,,,,,,,,,0.46,27705,14491,56,51075,54044,0.95,0.87,1.02,63624,57161,70087,59657,36622,82692,,,,,,,,,,64462,61269,67655,19,8,73,,,,,,,,,,,,,,,,,,,,,,,,,34,10,7,14,,,,,,,,,,,,,,,,,,,,,,16,7,4,11,,,,,,,,,,,,,,,,,,,,,,8,3,13,,,,20,20.4,47.5,3579,7.7,269,0.6,1340,2.9,13,0,1388,3,39481,84.9,31,124,0,0,1,1960,9465,21,16,25,33384,70.2,46502
2025,36035,New York,Fulton,75,74.2,75.7,85.8,64.7,106.9,,,,,,,,,,,,,,,,75,74.2,75.7,1034,489,457,521,,,,,,,,,,801,496,1224,,,,,,,493,460,526,21,45,28,69,,,,,,,,,,,,,,,,,,,,,,,,,,,,,,,,,,,,,,,,,,,,,,,14,13,16,10,9,11,66,145,36,31,42,20,18,22,43,16,12,22,16,,,,,,,,,,,,,,,,,,,,,,,,,2113,4,7450,14,42,36,47,21,19,24,,,,,,,,,,,,,,,,,,,,,,144,273.4,23,19,27,2,21,10,2,23,48,30,22,40,,,,,,,,,,,,,,,,,,,,,,21,19,24,29,25,33,2058,7,5,8,331,3,2,4,115,871:01:00,38,15645,69,67,71,2894,13,11,15,51,0,0,12,1,56,56.7,599,81,,,,,,,,,,,,,0.07,23830,13412,58,45455,57673,0.79,0.72,0.86,63409,56513,70305,,,,115192,26228,204156,,,,47288,22686,71890,63435,60150,66720,13,5,65,3,1,5,,,,,,,,,,,,,,,,,,,,,,44,12,9,16,,,,,,,,,,,,,,,,,,,,,,23,9,5,13,,,,,,,,,,,,,,,,,,,,,,,,,,,,19.9,21.2,50.3,187,0.4,452,0.9,2389,4.6,21,0,912,1.7,47428,90.8,32,165,0,0,1,2305,10605,22,16,27,27038,50.7,52234
2025,36037,New York,Genesee,77.4,76.7,78.1,83.5,77.9,89.1,,,,,,,,,,,,,,,,77.5,76.8,78.2,873,386,358,413,,,,,,,,,,820,561,1157,,,,,,,381,353,410,16,31,18,50,,,,,,,,,,,,,,,,,,,,,,,,,,,,,,,,,,,,,,,,,,,,,,,12,11,14,9,8,10,88,178,35,28,43,19,17,21,35,13,9,19,12,,,,,,,,,,,,,,,,,,,,,,,,,929,2,6910,12,39,32,46,11,9,13,26,16,41,,,,,,,,,,,,,34,19,57,8,7,10,126,219,23,19,28,11,47,23,16,31,44,26,19,34,,,,,,,,,,,,,,,,,,,,,,17,14,19,25,21,29,1734,5,4,6,264,2,1,3,97,1027:01:00,38,18381,74,72,76,2368,10,8,12,35,1,2,41,3,64.3,65.1,587,95,,,,,,,,,,,,,0.1,23399,13254,46,50720,64186,0.79,0.7,0.88,71749,64166,79332,53214,6224,100204,,,,51339,1723,100955,76123,57636,94610,72964,67895,78033,19,6,68,,,,,,,,,,,,,,,,,,,,,,,,,40,10,7,13,,,,,,,,,,,,,,,,,,,,,,15,5,3,9,,,,,,,,,,,,,,,,,,,,,,,,,,,,20.3,20.7,49.8,712,1.2,397,0.7,2809,4.9,11,0,1516,2.6,51103,88.8,29,334,1,0,1,2548,11833,22,17,26,36271,62.1,57529
2025,36039,New York,Greene,77.6,76.8,78.4,84.6,77.1,92.2,,,,,,,74.6,69.8,79.4,,,,,,,77.3,76.4,78.1,814,405,374,435,255,156,394,,,,,,,682,480,940,,,,,,,412,378,445,15,43,24,71,,,,,,,,,,,,,,,,,,,,,,,,,,,,,,,,,,,,,,,,,,,,,,,12,10,13,8,7,10,163,382,32,26,40,18,16,19,33,13,8,18,14,,,,,,,,,,,,,,,,,,,,,,,,,967,2,5470,11,38,32,45,11,9,14,,,,,,,,,,,,,,,,,,,,,,87,181,22,18,26,6,40,15,8,24,53,37,28,48,,,,,,,,,,,,,,,,,,,,,,15,13,17,23,19,27,1527,6,5,7,228,3,2,4,96,1046:01:00,15,14107,78,75,80,2515,14,12,16,25,0,1,12,1,44.9,65.3,485,84,,,,,,,,,,,,,0.08,30795,16801,44,54727,64491,0.85,0.75,0.95,70789,62178,79400,,,,85500,39257,131743,,,,95543,67494,123592,74176,69493,78859,13,6,69,,,,,,,,,,,,,,,,,,,,,,,,,46,14,10,18,,,,,,,,,,,,,,,,,,,,,,17,7,4,11,,,,,,,,,,,,,,,,,,,,,,13,7,20,,,,16,24.9,48.7,260,0.6,647,1.4,3214,6.8,21,0,2087,4.4,39967,84.9,26,266,1,0,1,1526,7637,20,14,26,35090,73.2,47062
2025,36041,New York,Hamilton,78.4,75.6,81.2,,,,,,,,,,,,,,,,,,,,,,84,321,237,426,,,,,,,,,,,,,,,,,,,,,,,,,,,,,,,,,,,,,,,,,,,,,,,,,,,,,,,,,,,,,,,,,,,,,,,,13,11,15,9,8,11,,,37,29,46,18,17,20,,,,,,,,,,,,,,,,,,,,,,,,,,,,,,590,12,640,13,38,30,45,,,,,,,,,,,,,,,,,,,,,,,,,4,78.2,24,19,28,1,7,14,1,39,,,,,,,,,,,,,,,,,,,,,,,,,,18,16,21,26,22,30,254,9,7,11,38,6,4,8,59,1694:01:00,2,1741,82,80,85,180,9,4,14,100,1,0,23,2,22.4,91,,,,,,,,,,,,,,,,50849,34981,39,48939,57708,0.85,0.69,1.01,68529,61035,76023,,,,,,,,,,,,,,,,,,,,,,,,,,,,,,,,,,,,,,,,,,,,,,,,,,,,,,,,,,,,,,,,,,,,,,,,,,,,,,,,,,,,,,,,,,,,,,,,,,,12.3,34.8,49.3,13,0.3,37,0.7,110,2.2,5,0.1,69,1.4,4773,93.9,29,4,0,0,2,149,666,22,12,33,5107,100,5082
2025,36043,New York,Herkimer,77.6,76.8,78.3,,,,,,,,,,,,,,,,,,,,,,984,394,367,420,,,,,,,,,,,,,,,,,,,,,,30,54,37,77,,,,,,,,,,,,,,,,,,,,,,23,6,4,8,,,,,,,,,,,,,,,,,,,,,,12,11,14,9,8,10,56,109,38,32,44,18,16,20,38,12,8,17,13,,,,,,,,,,,,,,,,,,,,,,,,,2695,4,7680,13,37,32,43,16,14,18,,,,,,,,,,,,,,,,,,,,,,123,205.6,25,21,29,7,23,30,19,42,39,22,15,30,,,,,,,,,,,,,,,,,,,,,,17,15,19,23,20,27,1857,5,4,7,350,3,2,4,62,1608:01:00,48,19296,76,74,78,2505,10,8,12,27,0,0,29,1,54.6,60.9,828,87,,,,,,,,,,,,,0.26,25407,12618,60,49242,57246,0.86,0.8,0.92,63771,57569,69973,,,,44567,24775,64359,22975,16176,29774,51909,17706,86112,69857,67039,72675,11,4,70,,,,,,,,,,,,,,,,,,,,,,,,,35,8,6,11,,,,,,,,,,,,,,,,,,,,,,22,7,5,11,,,,,,,,,,,,,,,,,,,,,,15,7,23,,,,20.3,22.5,49.9,221,0.4,447,0.8,1783,3,21,0,891,1.5,55271,92.9,26,190,0,0,1,2448,12297,20,16,24,31634,52.6,59484
2025,36045,New York,Jefferson,77.3,76.8,77.8,83.1,77.4,88.8,,,,89.5,74.2,104.8,82.6,69.2,96,,,,,,,76.9,76.4,77.5,1397,383,362,403,222,124,366,,,,,,,452,303,649,,,,,,,397,375,420,70,59,46,75,,,,,,,,,,147,71,271,,,,,,,56,42,74,77,6,5,7,,,,,,,,,,,,,,,,,,,,,,13,12,14,10,9,11,162,168,37,33,42,19,17,21,77,13,10,16,14,,,,,,,,,,,,,,,,,,,,,,,,,6820,6,16110,14,43,39,48,29,27,31,40,32,50,,,,,,,28,19,39,,,,24,16,36,28,25,31,685,587.3,21,17,24,22,57,39,32,45,85,25,20,31,,,,,,,,,,,,,,,,,,,,,,18,16,20,29,26,32,3697,6,5,7,821,3,2,4,208,480:01:00,38,25278,54,53,55,5879,13,11,15,30,1,7,24,2,48.1,53.3,1114,88,,,,,,,,,,,,,0.08,21023,8920,54,45140,51250,0.88,0.8,0.96,61664,57695,65633,74436,43830,105042,83750,61345,106155,59441,47306,71576,58548,53902,63194,66228,62679,69777,36,4,59,2,1,3,,,,,,,,,,,,,,,,,,,,,,84,11,8,13,,,,,,,,,,,,,,,,,,,,,,36,6,4,9,,,,,,,,,,,,,,,,,,,,,,7,3,11,,,,24,15.6,47.3,769,0.7,2111,1.8,9130,8,491,0.4,6478,5.6,92941,81,30,615,1,0,1,5585,27749,20,17,23,57637,49.4,114787
2025,36047,New York,Kings,80.1,80,80.2,79.5,79.2,79.8,143.3,90.2,196.5,85.5,85.1,85.9,77.4,77.2,77.7,,,,,,,81.8,81.7,82,28929,339,335,343,360,350,370,,,,185,177,193,465,457,473,,,,,,,258,252,264,881,35,33,37,27,22,31,,,,21,16,27,56,51,62,,,,,,,26,23,29,895,3,3,4,3,2,4,,,,2,2,3,7,6,7,,,,,,,2,2,2,12,11,13,11,10,12,26095,1202,27,24,30,15,14,16,751,6,5,6,6,5,4,6,,,,6,5,7,4,3,5,,,,,,,8,7,8,,,,41,0,406560,15,40,37,43,11,11,11,20,19,21,,,,3,2,3,12,11,12,,,,4,3,6,7,6,7,19350,747,18,16,20,38,340,11,9,14,1840,24,23,25,32,29,35,,,,3,2,4,30,27,32,,,,,,,20,18,22,12,11,13,26,23,28,126964,8,7,9,13055,2,2,3,101,993:01:00,633,300026,30,29,30,248428,26,25,26,71,1,31,17,3,57.1,55.4,21837,81,,,,,,,,,,,,,0.29,,,76,66959,72812,0.92,0.9,0.94,76353,74644,78062,59529,51482,67576,85684,82842,88526,62400,60644,64156,59797,57580,62014,103964,101512,106416,1535,8,75,5,5,5,4,3,5,,,,1,1,1,13,12,13,,,,,,,1,1,2,665,4,3,4,4,3,5,,,,3,2,4,5,4,5,,,,,,,3,3,3,557,4,4,5,3,2,3,,,,1,0,1,11,10,12,,,,,,,1,1,2,8,7,9,,,,21.8,16.2,52.4,25828,1,336645,13.1,483037,18.9,2652,0.1,732841,28.6,953501,37.2,27,279502,11,11,12,175967,593583,30,29,31,0,0,2561225
2025,36049,New York,Lewis,78.9,77.8,80,,,,,,,,,,,,,,,,,,,,,,327,322,284,360,,,,,,,,,,,,,,,,,,,,,,10,38,18,70,,,,,,,,,,,,,,,,,,,,,,,,,,,,,,,,,,,,,,,,,,,,,,,12,11,14,9,8,10,14,62,36,30,43,19,17,20,26,23,15,33,20,,,,,,,,,,,,,,,,,,,,,,,,,1216,4,3370,13,39,33,45,14,11,18,,,,,,,,,,,,,,,,,,,,,,33,123.6,25,21,30,11,20,55,45,64,10,13,6,23,,,,,,,,,,,,,,,,,,,,,,18,16,20,25,21,29,928,6,5,7,214,3,2,5,113,885:01:00,15,8812,80,79,82,1056,10,8,12,23,1,0,30,3,44.4,64.6,310,88,,,,,,,,,,,,,0.07,23925,11002,50,48333,56806,0.85,0.78,0.92,64941,59224,70658,,,,74375,31418,117332,53500,51545,55455,54904,32048,77760,68107,64172,72042,8,5,,,,,,,,,,,,,,,,,,,,,,,,,,17,9,5,15,,,,,,,,,,,,,,,,,,,,,,10,8,4,14,,,,,,,,,,,,,,,,,,,,,,,,,,,,22.7,21.2,49.1,102,0.4,126,0.5,483,1.8,32,0.1,186,0.7,25356,95.5,27,110,0,0,1,921,6126,15,12,18,26582,100,26548
2025,36051,New York,Livingston,79.4,78.7,80,90.4,73.4,107.4,,,,,,,,,,,,,,,,79.1,78.4,79.8,766,314,290,338,,,,,,,,,,,,,,,,,,,,,,17,31,18,49,,,,,,,,,,,,,,,,,,,,,,,,,,,,,,,,,,,,,,,,,,,,,,,12,11,13,9,8,10,110,203,32,26,39,18,16,20,44,13,9,18,14,,,,,,,,,,,,,,,,,,,,,,,,,2557,4,6900,11,36,30,43,5,4,6,10,5,19,,,,,,,,,,,,,,,,5,4,6,98,159.3,23,18,27,4,23,17,7,30,40,22,15,29,,,,,,,,,,,,,,,,,,,,,,16,14,18,23,19,27,1701,5,4,6,257,2,1,3,88,1133:01:00,19,18759,77,76,79,2415,10,9,12,50,0,2,53,0,63,62.3,577,92,,,,,,,,,,,,,0.07,23806,11626,44,52290,62347,0.84,0.78,0.9,70185,63743,76627,21000,9497,32503,94427,47730,141124,,,,94375,25279,163471,72641,68933,76349,18,7,59,,,,,,,,,,,,,,,,,,,,,,,,,43,10,7,13,,,,,,,,,,,,,,,,,,,,,,25,8,5,12,,,,,,,,,,,,,,,,,,,,,,5,2,7,,,,17.6,20.9,50.1,312,0.5,784,1.3,2893,4.7,34,0.1,1096,1.8,55243,90.3,27,463,1,0,1,2124,11001,19,15,24,44136,71.4,61158
2025,36053,New York,Madison,78.4,77.7,79.1,94.8,75.9,113.8,,,,,,,,,,,,,,,,78.1,77.4,78.8,916,340,316,364,,,,,,,,,,,,,,,,,,,,,,25,39,25,57,,,,,,,,,,,,,,,,,,,,,,,,,,,,,,,,,,,,,,,,,,,,,,,12,10,13,8,7,9,51,87,34,28,42,18,17,20,49,14,10,19,14,,,,,,,,,,,,,,,,,,,,,,,,,4248,6,7510,11,38,32,45,7,6,9,,,,,,,,,,,,,,,,,,,,,,106,158,23,19,28,11,39,28,20,37,49,24,18,32,,,,,,,,,,,,,,,,,,,,,,16,14,18,22,19,26,1756,5,4,6,278,2,1,3,130,769:01:00,25,20047,78,77,80,3086,12,11,14,37,0,0,13,1,64,60.6,788,89,,,,,,,,,,,,,0.06,25133,10677,42,53679,60811,0.88,0.84,0.93,73680,68823,78537,45688,33225,58151,104167,73978,134356,115417,18740,212094,53224,28263,78185,73008,69754,76262,18,6,62,,,,,,,,,,,,,,,,,,,,,,,,,53,11,8,14,,,,,,,,,,,,,,,,,,,,,,23,7,4,10,,,,,,,,,,,,,,,,,,,,,,5,3,7,,,,18.4,21.4,50.4,516,0.8,625,0.9,1836,2.7,25,0,1280,1.9,61629,92.1,27,177,0,0,0,2315,12442,19,15,22,47040,69.2,66921
2025,36055,New York,Monroe,78.2,78,78.4,77.4,76.5,78.4,,,,85.2,83.6,86.7,70.1,69.5,70.7,,,,,,,80,79.8,80.2,9633,355,348,363,431,399,463,400,247,611,194,162,225,723,694,753,,,,,,,289,281,297,332,47,42,52,47,35,62,,,,,,,116,97,134,,,,,,,27,22,32,361,7,6,7,7,5,10,,,,,,,13,11,16,,,,,,,4,3,5,10,9,11,9,8,10,2355,365,36,32,41,16,15,18,394,10,9,11,11,7,4,11,,,,8,4,14,9,6,11,,,,,,,11,10,12,,,,51065,7,91270,12,36,32,40,11,11,12,27,25,29,,,,4,3,6,26,24,28,,,,17,14,20,4,4,4,4733,629.4,21,18,25,47,233,20,17,24,799,36,33,38,52,42,61,,,,,,,68,59,77,,,,,,,28,25,31,12,10,13,19,17,22,21278,5,4,5,3597,2,2,3,284,352:01:00,184,201032,64,63,64,43610,14,13,15,45,0,4,17,0,66,67.7,8314,88,,,,,,,,,,,,,0.24,23539,11723,53,56543,68976,0.82,0.79,0.85,73263,70241,76285,42465,13687,71243,70913,60213,81613,41852,39851,43853,49196,43576,54816,85445,84003,86887,185,5,65,7,7,8,11,9,15,,,,,,,33,29,38,,,,,,,2,1,2,358,7,6,8,8,6,11,,,,,,,10,8,12,,,,,,,6,6,7,351,9,8,10,11,7,14,,,,,,,35,30,40,,,,,,,5,4,5,5,4,6,,,,20.2,19.3,51.5,3432,0.5,29091,3.9,75242,10.1,654,0.1,109541,14.6,515338,68.9,22,15799,2,2,2,48242,154194,31,30,33,61668,8.1,748482
2025,36057,New York,Montgomery,75.2,74.4,76,76.5,73.6,79.5,,,,,,,,,,,,,,,,75.2,74.3,76,883,471,439,504,484,382,606,,,,,,,725,454,1098,,,,,,,469,433,505,32,64,44,91,,,,,,,,,,,,,,,,,,,,,,33,8,5,11,,,,,,,,,,,,,,,,,,,,,,14,13,16,10,9,12,85,205,36,30,43,19,17,21,31,13,9,18,13,,,,,,,,,,,,,,,,,,,,,,,,,9225,18,7150,14,43,38,50,23,20,25,37,30,46,,,,,,,,,,,,,,,,18,15,21,104,209.6,23,19,27,5,19,26,14,39,31,21,14,30,,,,,,,,,,,,,,,,,,,,,,19,17,21,29,26,34,1636,6,5,7,369,3,2,4,128,784:01:00,60,13336,69,68,71,2606,14,12,16,42,1,1,3,2,58.3,56.7,616,87,,,,,,,,,,,,,0.2,22696,10863,56,46108,55389,0.83,0.76,0.9,61463,54071,68855,26780,23546,30014,43929,1709,86149,30000,8734,51266,49065,41086,57044,66294,62415,70173,8,3,64,,,,,,,,,,,,,,,,,,,,,,,,,30,9,6,12,,,,,,,,,,,,,,,,,,,,,,18,7,4,12,,,,,,,,,,,,,,,,,,,,,,13,6,20,,,,23.2,19.5,50.4,356,0.7,571,1.2,7745,15.7,87,0.2,1312,2.7,38836,78.7,33,880,2,1,2,3273,11410,29,23,34,22501,45.4,49368
2025,36059,New York,Nassau,81.3,81.2,81.5,82.9,82.3,83.4,119.2,65.5,172.8,87.1,86.4,87.8,78.2,77.8,78.7,,,,,,,81.4,81.2,81.6,13115,251,246,255,252,240,264,,,,155,144,165,380,364,397,,,,,,,242,236,248,332,26,23,28,30,24,37,,,,25,18,33,54,43,67,,,,,,,16,13,19,288,3,3,3,3,2,4,,,,2,2,3,7,5,9,,,,,,,2,1,2,10,9,11,9,8,10,2915,247,27,24,30,14,13,16,416,6,5,6,6,3,2,4,,,,4,3,6,5,4,7,,,,,,,7,6,8,,,,6490,0,97520,7,42,38,45,5,5,6,20,19,21,,,,1,1,1,5,4,6,,,,,,,1,1,1,4292,310.2,21,18,24,77,370,21,18,23,793,19,18,21,16,13,19,,,,3,2,5,23,18,27,,,,,,,23,21,25,9,8,11,20,17,22,43449,5,5,6,6062,2,1,2,212,472:01:00,306,373665,82,81,83,78194,17,17,18,68,1,5,18,4,71.8,76,16476,94,,,,,,,,,,,,,0.28,31179,18918,30,76923,95234,0.81,0.79,0.82,140466,137085,143847,141875,131890,151860,173598,165875,181321,128721,123332,134110,124427,118192,130662,147506,144904,150108,363,5,78,2,1,2,3,2,4,,,,,,,6,4,7,,,,,,,1,0,1,585,6,6,7,7,6,8,,,,5,3,6,9,7,11,,,,,,,6,5,6,159,2,2,3,2,1,3,,,,,,,5,4,7,,,,,,,2,2,3,4,3,5,,,,21.4,19.2,50.8,9253,0.7,184950,13.4,259339,18.8,1759,0.1,161327,11.7,754908,54.6,22,64455,5,5,5,46274,299304,15,15,16,5989,0.4,1381715
2025,36061,New York,New York,83,82.9,83.2,81.9,81.5,82.2,,,,86.8,86.3,87.2,73.9,73.5,74.3,,,,,,,86.7,86.5,86.9,14445,259,255,264,302,293,312,,,,146,137,155,592,573,610,,,,,,,155,150,160,336,32,28,35,23,18,29,,,,21,14,32,75,61,89,,,,,,,22,17,27,318,3,3,3,3,2,3,,,,2,1,2,8,6,9,,,,,,,2,1,2,11,10,13,9,8,10,25998,1815,21,19,24,15,14,17,651,7,7,8,8,5,4,6,,,,7,6,9,7,5,8,,,,,,,8,7,9,,,,0,0,245880,15,36,34,40,7,6,7,13,13,14,,,,0,0,1,12,11,13,,,,2,1,3,1,1,1,14591,914.1,25,23,28,24,178,13,10,17,1400,29,28,31,39,35,42,,,,3,2,5,73,66,80,,,,,,,19,17,21,11,10,12,20,18,22,55679,5,5,6,4510,2,1,2,346,289:01:00,1092,191643,25,24,25,161845,22,21,22,99,1,49,12,3,61.5,59.1,16751,82,,,,,,,,,,,,,0.25,35914,13276,68,94449,117644,0.8,0.78,0.82,100869,98003,103735,42785,18499,67071,108219,101064,115374,46301,43683,48919,50801,48808,52794,152562,148635,156489,926,12,69,3,3,3,3,3,4,,,,1,0,1,12,10,14,,,,,,,1,0,1,308,3,2,3,3,3,4,,,,2,1,3,4,3,6,,,,,,,2,2,3,192,2,2,3,3,2,4,,,,,,,10,8,12,,,,,,,1,0,1,5,4,6,,,,13.5,18.8,52.3,19342,1.2,217405,13.6,389701,24.4,2976,0.2,207216,13,747343,46.8,25,118299,8,7,8,80250,227101,35,33,37,0,0,1597451
2025,36063,New York,Niagara,75.4,75,75.8,77.4,75.1,79.8,63.8,59.2,68.3,83.1,78.6,87.6,66.2,64.6,67.7,,,,,,,76.3,75.9,76.7,3829,461,445,476,338,251,445,1136,892,1426,260,161,398,988,894,1082,,,,,,,423,407,439,78,42,33,53,,,,,,,,,,101,60,159,,,,,,,34,25,45,80,6,4,7,,,,,,,,,,14,8,21,,,,,,,4,3,5,12,11,13,9,8,10,277,152,35,29,41,18,17,20,138,12,10,15,13,,,,,,,,,,,,,,,,,,,,,,,,,11395,5,26790,13,39,33,44,15,14,16,29,22,37,25,12,44,,,,35,29,41,,,,34,27,42,10,9,11,760,360.4,23,19,27,13,103,13,8,18,251,40,35,45,,,,,,,,,,103,75,137,,,,,,,36,31,41,15,13,17,23,20,27,6361,5,4,6,1072,2,2,3,79,1269:01:00,66,64870,71,70,72,10649,12,11,13,60,1,8,32,2,69.9,63.5,2336,84,,,,,,,,,,,,,0.18,22458,9843,51,50136,62161,0.81,0.77,0.84,65932,60998,70866,59107,14376,103838,46301,33671,58931,43509,35713,51305,53728,41811,65645,71500,68876,74124,68,6,61,5,4,6,,,,,,,,,,42,31,57,,,,,,,2,1,3,146,10,8,12,,,,,,,,,,13,7,23,,,,,,,10,8,12,93,9,7,11,,,,,,,,,,43,29,61,,,,,,,6,5,8,6,4,8,,,,19.7,21.4,50.8,2443,1.2,3010,1.4,8577,4.1,129,0.1,15126,7.2,174809,83.5,28,1625,1,,,11096,42132,26,23,29,63741,30,209457
2025,36065,New York,Oneida,76.3,75.9,76.6,78.5,76.1,81,,,,78.4,76,80.7,68.6,66.9,70.4,,,,,,,76.7,76.3,77.1,3735,438,423,453,448,370,526,,,,354,279,444,864,765,964,,,,,,,420,404,436,120,55,45,64,59,32,99,,,,,,,149,98,217,,,,,,,42,33,54,111,7,5,8,,,,,,,,,,17,11,25,,,,,,,5,4,6,12,11,13,9,8,10,553,284,38,33,44,18,16,19,155,13,11,16,14,,,,,,,,,,,,,,,,,,,,,,,,,13146,6,30220,13,39,34,45,17,16,18,31,26,36,,,,15,11,20,37,31,43,,,,30,23,38,12,11,13,781,341.3,24,20,28,28,98,29,23,34,237,35,30,39,26,14,46,,,,,,,89,63,122,,,,,,,33,29,38,15,14,17,26,23,30,6945,5,5,6,1076,2,2,3,192,520:01:00,74,63966,68,67,69,10851,12,11,13,41,1,0,29,3,63.1,58.4,2544,86,,,,,,,,,,,,,0.24,22642,11014,53,53056,61246,0.87,0.84,0.89,61566,57478,65654,59659,29047,90271,56475,51420,61530,24319,16297,32341,57011,48061,65961,73720,71622,75818,61,5,73,4,3,5,,,,,,,,,,25,16,37,,,,,,,2,1,3,152,9,8,11,,,,,,,,,,10,5,19,,,,,,,10,8,12,93,8,7,10,,,,,,,,,,27,16,42,,,,,,,7,6,9,9,6,11,,,,21.3,20.2,50,992,0.4,10140,4.5,16474,7.2,290,0.1,14241,6.3,181405,79.7,27,5742,3,2,3,13293,49368,27,24,30,79753,34.4,227555
2025,36067,New York,Onondaga,77.7,77.5,78,79.6,77.3,81.9,73.4,68.5,78.4,85.1,82.9,87.4,70.5,69.7,71.4,,,,,,,78.6,78.3,78.9,6239,369,359,378,404,348,460,655,508,832,206,164,254,699,655,743,,,,,,,334,324,345,204,45,39,52,62,40,91,,,,,,,93,71,119,,,,,,,33,27,40,201,6,5,7,9,6,13,,,,,,,12,9,15,,,,,,,4,3,5,12,11,14,9,8,11,1165,292,35,31,40,18,16,20,258,11,10,12,11,,,,,,,,,,9,5,14,,,,,,,12,10,13,,,,28390,6,58230,12,38,34,43,12,12,13,24,20,27,18,10,31,6,4,8,35,32,38,,,,23,19,26,6,6,7,2333,498.2,23,19,26,37,130,28,24,33,528,38,34,41,38,25,54,96,46,177,,,,70,57,83,,,,,,,35,32,39,16,14,17,23,20,26,14512,5,5,6,1980,2,1,3,291,344:01:00,151,128013,66,65,66,26565,14,13,15,63,0,2,13,1,67.9,67.3,5259,88,,,,,,,,,,,,,0.22,23658,11310,53,59023,68155,0.87,0.83,0.9,74388,70205,78571,44737,27958,61516,78909,68448,89370,37633,34210,41056,57018,50231,63805,81612,79732,83492,133,5,67,6,5,7,13,8,20,,,,,,,36,30,42,,,,,,,2,1,2,235,7,6,8,11,6,17,,,,,,,9,6,13,,,,,,,7,6,8,194,8,7,10,10,6,18,,,,,,,33,27,41,,,,,,,5,4,6,4,3,6,,,,20.8,19.2,51.5,4613,1,18524,4,28361,6.1,273,0.1,52778,11.3,350437,74.9,28,7540,2,2,2,28226,99207,28,26,31,69759,14.6,467873
2025,36069,New York,Ontario,79.8,79.2,80.3,82.2,77,87.5,,,,,,,75.3,70.4,80.1,,,,,,,79.8,79.2,80.3,1371,302,285,320,303,212,419,,,,,,,628,461,835,,,,,,,298,280,316,40,41,29,55,,,,,,,,,,,,,,,,,,,,,,37,5,4,7,,,,,,,,,,,,,,,,,,,,,,11,10,13,8,7,10,122,125,34,28,41,18,17,20,84,15,12,19,15,,,,,,,,,,,,,,,,,,,,,,,,,3288,3,12460,11,40,34,46,7,6,8,26,19,35,,,,,,,,,,,,,,,,6,5,7,247,219.2,23,19,27,11,52,21,14,29,52,16,12,20,,,,,,,,,,,,,,,,,,,,,,14,13,16,21,18,25,3163,5,4,6,552,2,2,3,147,682:01:00,50,34718,73,71,74,4997,11,10,12,43,0,5,32,1,58.8,69.8,1286,93,,,,,,,,,,,,,0.12,24726,12784,43,57796,70033,0.83,0.77,0.88,79364,73110,85618,,,,152566,122367,182765,56027,27317,84737,65438,59189,71687,80497,76892,84102,30,6,63,,,,,,,,,,,,,,,,,,,,,,,,,57,7,6,10,,,,,,,,,,,,,,,,,,,,,,35,6,4,9,,,,,,,,,,,,,,,,,,,,,,5,2,9,,,,19,23,50.7,453,0.4,1654,1.5,6572,5.8,58,0.1,2785,2.5,99302,88.3,26,798,1,0,1,4604,21852,21,18,24,50444,44.9,112494
2025,36071,New York,Orange,78.8,78.5,79.1,81.2,80.3,82,,,,85.4,81.6,89.2,76.3,75.3,77.3,,,,,,,78.6,78.3,79,4536,340,330,350,284,261,307,,,,257,207,314,448,411,484,,,,,,,343,330,355,149,33,28,38,25,17,35,,,,,,,47,29,72,,,,,,,33,26,41,139,4,3,4,4,3,6,,,,,,,10,6,14,,,,,,,3,2,3,11,9,12,9,8,11,1019,305,37,32,43,16,15,18,195,10,8,11,10,6,4,9,,,,,,,6,3,10,,,,,,,11,9,13,,,,22260,6,45290,11,38,34,43,11,11,12,17,16,19,,,,,,,9,7,11,,,,8,5,12,9,8,10,1380,340,22,19,26,42,159,26,22,31,405,34,31,37,26,20,32,,,,,,,44,33,57,,,,,,,35,31,40,12,10,13,23,20,26,15736,7,6,8,2965,3,2,3,120,830:01:00,66,93959,68,68,69,26430,20,18,21,33,1,4,25,4,64.8,64.8,4967,89,,,,,,,,,,,,,0.11,,,46,61464,74218,0.83,0.79,0.86,93492,88784,98200,81098,58596,103600,99149,83749,114549,85340,74619,96061,98296,92812,103780,98263,94441,102085,111,4,48,2,2,3,4,2,6,,,,,,,8,5,12,,,,,,,1,1,2,222,8,7,9,6,4,9,,,,,,,9,6,14,,,,,,,9,8,10,116,6,5,7,3,1,5,,,,,,,11,7,16,,,,,,,6,5,8,8,6,10,,,,25.6,15,50.1,4123,1,13475,3.3,99573,24.4,549,0.1,46561,11.4,239042,58.7,25,21984,6,5,6,16684,102723,16,14,18,110690,27.6,407470
2025,36073,New York,Orleans,76.9,76.1,77.8,94.4,60.3,128.5,,,,,,,76.5,72.8,80.2,,,,,,,76.9,76,77.8,652,390,358,422,,,,,,,,,,476,316,688,,,,,,,393,359,428,19,56,34,87,,,,,,,,,,,,,,,,,,,,,,24,9,6,13,,,,,,,,,,,,,,,,,,,,,,12,11,13,9,7,10,159,466,36,29,44,18,16,20,23,9,6,14,11,,,,,,,,,,,,,,,,,,,,,,,,,1641,4,5060,13,38,31,45,19,16,23,17,10,27,,,,,,,,,,,,,50,29,79,20,16,23,86,218.7,22,18,27,2,14,14,3,31,16,13,8,22,,,,,,,,,,,,,,,,,,,,,,16,14,18,24,20,28,1487,6,5,8,262,3,2,5,33,3010:01:00,12,12539,77,75,80,2291,15,12,17,13,0,5,29,0,54,56.9,450,93,,,,,,,,,,,,,0.07,22435,10295,55,47875,55549,0.86,0.79,0.93,65156,58261,72051,,,,148482,6298,290666,,,,62052,24665,99439,63014,59384,66644,14,7,47,,,,,,,,,,,,,,,,,,,,,,,,,35,12,9,17,,,,,,,,,,,,,,,,,,,,,,13,6,3,11,,,,,,,,,,,,,,,,,,,,,,11,4,19,,,,18.9,20.9,49.6,327,0.8,245,0.6,2167,5.5,30,0.1,1676,4.3,34003,86.9,27,341,1,0,1,1596,7583,21,16,26,26848,66.5,39124
2025,36075,New York,Oswego,76.2,75.7,76.7,,,,,,,,,,,,,,,,,,,,,,1864,424,404,445,332,205,507,,,,,,,,,,,,,,,,427,406,448,55,48,36,63,,,,,,,,,,,,,,,,,,,,,,57,7,5,9,,,,,,,,,,,,,,,,,,,,,,13,11,14,9,8,11,80,79,39,32,45,19,17,20,73,13,10,16,12,,,,,,,,,,,,,,,,,,,,,,,,,3016,2,16850,14,40,34,46,15,13,16,15,10,23,,,,,,,,,,,,,17,10,29,15,13,16,256,216.4,23,19,27,23,75,31,25,37,117,33,27,39,,,,,,,,,,,,,,,,,,,,,,17,15,20,26,22,30,4061,6,5,7,656,3,2,3,120,832:01:00,42,34837,74,73,75,5864,13,11,14,26,1,0,25,2,61.9,59.7,1511,86,,,,,,,,,,,,,0.07,25154,12820,56,47963,60464,0.79,0.74,0.84,68613,62972,74254,,,,88068,43664,132472,40133,6731,73535,36250,25341,47159,69277,66046,72508,34,5,76,2,1,3,,,,,,,,,,,,,,,,,,,,,,100,12,10,15,,,,,,,,,,,,,,,,,,,,,,32,5,4,8,,,,,,,,,,,,,,,,,,,,,,8,6,11,,,,20.4,18.5,49.6,624,0.5,911,0.8,4061,3.4,52,0,1311,1.1,109452,92.6,27,406,0,0,1,5707,24324,23,20,27,73719,62.7,118162
2025,36077,New York,Otsego,77.7,76.9,78.4,84.3,75.5,93.1,,,,,,,,,,,,,,,,77.5,76.7,78.3,844,379,351,407,,,,,,,,,,,,,,,,,,,,,,19,37,22,58,,,,,,,,,,,,,,,,,,,,,,,,,,,,,,,,,,,,,,,,,,,,,,,12,10,13,9,8,10,65,120,36,30,41,17,16,19,47,16,12,22,16,,,,,,,,,,,,,,,,,,,,,,,,,6620,11,7270,12,37,32,43,5,4,6,6,3,11,,,,,,,,,,,,,,,,5,4,6,154,254,22,19,27,6,17,35,22,48,47,26,19,35,,,,,,,,,,,,,,,,,,,,,,14,12,16,24,21,27,1739,5,4,7,321,3,2,5,363,276:01:00,28,16807,74,73,76,2419,11,10,12,26,1,0,,2,54,57.2,532,86,,,,,,,,,,,,,0.09,26339,12067,43,50981,55372,0.92,0.85,0.99,63863,57523,70203,,,,66250,50186,82314,71250,14445,128055,58571,50040,67102,67972,63923,72021,16,7,62,3,1,5,,,,,,,,,,,,,,,,,,,,,,31,7,5,11,,,,,,,,,,,,,,,,,,,,,,23,8,5,12,,,,,,,,,,,,,,,,,,,,,,7,3,10,,,,14.8,21.9,51.5,177,0.3,1016,1.7,2742,4.6,39,0.1,1516,2.5,53835,89.5,25,290,1,0,1,1985,9020,22,17,27,42555,72.7,60126
2025,36079,New York,Putnam,81.6,81,82.1,85.8,83.2,88.4,,,,91.7,80.5,103,79.7,74.9,84.6,,,,,,,81.1,80.5,81.7,957,242,226,259,187,148,234,,,,,,,272,170,412,,,,,,,256,236,275,16,19,11,31,,,,,,,,,,,,,,,,,,,,,,,,,,,,,,,,,,,,,,,,,,,,,,,10,9,11,8,7,9,150,176,30,24,37,16,14,17,38,6,4,9,8,,,,,,,,,,,,,,,,,,,,,,,,,6677,7,8270,8,37,31,43,3,2,4,12,9,16,,,,,,,,,,,,,,,,1,0,1,178,181.5,22,18,26,7,33,21,12,31,67,23,18,29,,,,,,,,,,,,,,,,,,,,,,11,10,13,21,17,24,3025,5,4,6,499,3,2,3,69,1442:01:00,36,29105,83,82,84,5663,17,15,19,17,1,4,24,5,69.8,74.7,1209,94,,,,,,,,,,,,,0.04,32648,21188,30,72033,89325,0.81,0.74,0.87,120930,111731,130129,220602,52435,388769,114109,104820,123398,114032,47620,180444,130640,112145,149135,127599,122497,132701,36,8,49,,,,,,,,,,,,,,,,,,,,,,,,,39,6,4,8,,,,,,,,,,,,,,,,,,,,,,14,3,2,5,,,,,,,,,,,,,,,,,,,,,,,,,,,,19.3,19.9,49.7,589,0.6,2462,2.5,20430,20.8,107,0.1,3445,3.5,70249,71.6,23,1785,2,1,2,2624,19124,14,11,17,34205,35,98060
2025,36081,New York,Queens,81.2,81.1,81.3,83.3,83,83.6,120.8,99,142.6,86,85.7,86.3,77.3,76.9,77.6,,,,,,,80,79.8,80.2,24940,298,294,301,266,259,274,,,,195,189,201,443,432,454,,,,,,,321,313,329,642,32,30,35,25,22,29,,,,24,19,28,59,51,67,,,,,,,28,23,34,714,4,4,4,3,3,3,,,,2,2,2,8,7,9,,,,,,,3,3,4,11,10,12,11,10,12,16477,842,25,22,28,15,13,16,741,6,6,7,7,4,4,5,,,,6,5,7,4,3,5,,,,,,,9,8,10,,,,1663,0,294240,13,37,34,40,9,9,10,17,17,18,,,,3,2,3,9,9,10,,,,3,2,5,4,3,4,13361,586.5,16,14,18,61,348,18,15,20,1373,20,19,21,18,16,20,,,,6,5,7,31,28,34,,,,,,,31,28,34,11,10,12,27,25,29,148754,11,10,11,12016,3,2,3,98,1020:01:00,736,371778,45,44,45,191465,24,23,24,60,1,43,17,4,61.4,56.8,19743,86,,,,,,,,,,,,,0.25,,,74,60999,62704,0.97,0.95,1,81399,79673,83125,83595,76550,90640,83261,81551,84971,83180,80973,85387,74722,72987,76457,97360,95333,99387,924,6,80,3,3,3,3,2,3,,,,1,1,2,8,7,9,,,,,,,1,1,2,639,4,4,4,4,3,4,,,,3,3,4,5,4,6,,,,,,,4,3,5,289,3,2,3,2,1,2,,,,1,0,1,8,7,9,,,,,,,2,2,3,7,6,8,,,,19.1,18.7,51.2,32966,1.5,630363,28,632343,28.1,5399,0.2,398793,17.7,539977,24,26,329524,15,15,15,114567,458303,25,24,26,74,0,2252196
2025,36083,New York,Rensselaer,77.7,77.3,78.2,79.7,76.9,82.5,,,,94.4,74.4,114.3,70,68.2,71.8,,,,,,,78.3,77.9,78.8,2212,364,349,380,302,225,398,,,,271,170,410,748,650,846,,,,,,,342,326,359,55,39,29,50,83,41,148,,,,,,,125,74,198,,,,,,,22,14,33,58,5,4,7,,,,,,,,,,,,,,,,,,,,,,11,10,12,9,8,10,328,237,35,29,41,16,15,18,87,11,9,13,11,,,,,,,,,,,,,,,,,,,,,,,,,6531,4,19040,12,41,36,47,11,10,13,21,16,28,,,,,,,23,18,29,,,,20,14,28,9,8,10,539,337.2,24,20,28,11,43,26,18,34,131,27,23,32,,,,,,,,,,40,22,67,,,,,,,28,23,33,13,11,15,22,18,25,4768,5,4,6,787,3,2,3,119,838:01:00,100,42452,64,63,65,7495,12,10,13,37,0,4,17,1,63.5,64.5,1588,89,,,,,,,,,,,,,0.19,26812,7264,47,65146,72057,0.9,0.87,0.94,82846,77804,87888,136750,109838,163662,97634,89837,105431,44401,33131,55671,72128,55761,88495,90109,86449,93769,53,6,59,4,3,5,,,,,,,,,,,,,,,,,,,,,,68,6,5,8,,,,,,,,,,,,,,,,,,,,,,52,7,5,9,,,,,,,,,,26,15,43,,,,,,,5,3,7,6,4,8,,,,18.8,19,50.2,625,0.4,4964,3.1,9915,6.2,117,0.1,12190,7.7,128242,80.5,24,1601,1,1,1,8219,30643,27,23,31,53385,33.1,159305
2025,36085,New York,Richmond,79,78.8,79.3,80.9,80.1,81.7,,,,85.2,84.2,86.2,74.4,73.4,75.4,,,,,,,79.2,78.9,79.5,5953,329,320,338,304,282,326,,,,167,149,184,583,542,623,,,,,,,316,305,327,159,34,29,40,28,20,40,,,,36,22,56,77,55,106,,,,,,,26,20,34,161,4,4,5,4,3,6,,,,5,3,8,7,4,10,,,,,,,3,3,4,10,9,11,10,9,11,2109,505,29,26,33,15,13,16,173,7,6,8,7,3,1,5,,,,6,3,9,6,3,10,,,,,,,8,6,9,,,,735,0,56480,12,42,38,45,7,7,8,15,14,17,,,,,,,17,14,19,,,,7,4,12,2,2,3,1547,315,19,16,22,6,49,12,6,20,477,33,30,36,21,16,27,,,,,,,46,35,59,,,,,,,38,34,43,11,9,12,25,23,28,18112,6,5,7,2101,2,1,3,158,633:01:00,454,115534,68,67,69,34938,21,20,22,61,1,12,12,4,64.1,64.6,4807,85,,,,,,,,,,,,,0.15,,,64,69412,79419,0.87,0.84,0.91,93337,87503,99171,91450,61735,121165,91036,84047,98025,64820,57422,72218,80492,72218,88766,109980,106196,113764,208,8,76,3,3,4,4,2,5,,,,,,,15,11,20,,,,,,,1,1,2,129,4,3,4,5,3,7,,,,3,2,5,5,3,8,,,,,,,3,3,4,84,3,3,4,3,2,5,,,,,,,12,8,18,,,,,,,3,2,4,6,4,7,,,,21.5,17.8,51,3831,0.8,71348,14.5,95721,19.5,572,0.1,44030,9,271784,55.4,24,30975,7,6,7,24281,107201,23,21,24,0,0,490687
2025,36087,New York,Rockland,81,80.7,81.3,81.4,80.3,82.5,,,,90.5,87.9,93,78,77,79.1,,,,,,,81.2,80.8,81.6,3053,281,271,292,301,273,329,,,,179,148,210,401,365,436,,,,,,,264,251,277,142,34,28,39,42,30,59,,,,,,,58,35,89,,,,,,,29,23,36,125,3,3,4,4,2,5,,,,,,,,,,,,,,,,3,2,3,12,11,13,10,9,12,671,251,32,27,37,17,15,18,93,6,4,7,6,5,3,8,,,,,,,,,,,,,,,,7,5,9,,,,13584,4,37180,11,44,39,49,11,10,12,28,26,31,,,,,,,6,5,8,,,,,,,8,7,8,960,283.2,18,15,22,13,76,17,12,23,177,18,15,20,16,11,23,,,,,,,14,8,23,,,,,,,20,17,24,14,12,16,25,22,29,11794,6,5,7,3116,3,2,4,90,1110:01:00,196,70496,68,67,70,22581,22,21,24,46,1,19,26,5,68,72.8,3218,90,,,,,,,,,,,,,0.15,30576,15183,40,72327,81165,0.89,0.85,0.94,105923,101031,110815,93333,44108,142558,158036,130270,185802,104448,92132,116764,89411,81435,97387,113719,109177,118261,88,3,58,2,1,3,3,2,5,,,,,,,7,4,11,,,,,,,1,1,2,115,5,4,6,6,4,9,,,,,,,6,3,10,,,,,,,5,4,6,38,2,2,3,,,,,,,,,,,,,,,,,,,,,,6,5,8,,,,29.9,16,50.5,2337,0.7,21387,6.3,70959,20.8,563,0.2,35699,10.5,208185,61.1,26,26781,9,8,9,12288,99652,12,11,14,1319,0.4,340807
2025,36089,New York,St. Lawrence,76.8,76.2,77.3,96,76.2,115.8,,,,,,,69.3,61.7,76.8,,,,,,,76.6,76,77.1,1642,410,389,431,,,,,,,,,,785,449,1275,,,,,,,416,394,438,64,60,46,76,,,,,,,,,,,,,,,,,,,,,,47,7,5,9,,,,,,,,,,,,,,,,,,,,,,14,12,15,10,9,11,184,198,37,32,43,19,18,21,67,12,10,16,12,,,,,,,,,,,,,,,,,,,,,,,,,8160,7,16240,15,38,33,43,10,9,11,,,,,,,,,,,,,,,,,,,,,,234,217.2,23,19,27,16,56,29,22,36,70,22,17,27,,,,,,,,,,,,,,,,,,,,,,20,17,22,28,24,32,3800,7,5,8,937,4,3,6,151,664:01:00,26,29840,72,70,73,5495,14,12,15,10,1,31,57,2,56.5,53.4,1108,84,,,,,,,,,,,,,0.15,26915,12457,56,49387,58916,0.84,0.78,0.9,57832,53096,62568,26875,5223,48527,31314,4656,57972,51429,25434,77424,60739,53859,67619,62467,59178,65756,15,3,68,,,,,,,,,,,,,,,,,,,,,,,,,72,9,7,12,,,,,,,,,,,,,,,,,,,,,,31,6,4,8,,,,,,,,,,,,,,,,,,,,,,10,7,14,,,,19.8,19.3,49.1,1205,1.1,1253,1.2,2730,2.6,87,0.1,1937,1.8,98394,92,29,884,1,1,1,4014,21455,19,15,22,72628,66.9,106940
2025,36091,New York,Saratoga,80.2,79.9,80.6,93.3,84,102.6,,,,94.3,87.1,101.5,78,75,80.9,,,,,,,79.9,79.6,80.3,2678,283,271,294,171,118,239,,,,,,,373,276,494,,,,,,,291,279,303,51,25,19,33,,,,,,,,,,,,,,,,,,,,,,49,3,2,4,,,,,,,,,,,,,,,,,,,,,,9,8,10,7,6,8,252,121,32,27,37,14,13,16,124,10,8,12,11,,,,,,,,,,,,,,,,,,,,,,,,,7848,4,22350,10,31,26,35,5,4,6,12,8,18,,,,,,,,,,,,,,,,5,4,5,352,147.4,24,20,28,13,79,16,11,23,121,17,14,20,,,,,,,,,,,,,,,,,,,,,,11,9,12,17,14,20,6228,4,4,5,963,2,1,3,115,871:01:00,55,72048,72,71,73,10261,10,9,11,46,1,5,12,2,67,74.7,2717,92,,,,,,,,,,,,,0.08,23513,12992,28,64017,82978,0.77,0.74,0.8,94394,90337,98451,98269,47849,148689,161250,115131,207369,81456,56833,106079,90930,68001,113859,98836,95053,102619,77,7,53,1,0,1,,,,,,,,,,,,,,,,,,,,,,111,7,6,8,,,,,,,,,,,,,,,,,,,,,,40,3,2,5,,,,,,,,,,,,,,,,,,,,,,4,2,6,,,,18.9,20.7,50.4,630,0.3,7445,3.1,9658,4,132,0.1,4865,2,211944,88.8,21,1503,1,0,1,7881,45800,17,15,20,67084,28.5,238711
2025,36093,New York,Schenectady,77.1,76.6,77.5,78,75,81.1,,,,84.1,80.6,87.6,70.6,69,72.2,,,,,,,78,77.5,78.5,2227,398,381,416,455,370,539,,,,241,184,310,716,641,791,,,,,,,365,346,384,70,46,36,58,,,,,,,,,,110,71,162,,,,,,,31,21,45,80,6,5,8,,,,,,,,,,15,10,22,,,,,,,4,3,6,11,10,12,9,8,10,448,330,34,29,41,17,15,19,75,9,7,12,10,,,,,,,,,,,,,,,,,,,,,,,,,4613,3,18060,11,40,34,46,14,13,15,19,15,24,,,,7,4,12,25,21,30,,,,31,24,40,10,9,11,679,424.1,21,17,25,14,45,31,23,39,135,29,24,33,43,25,70,,,,,,,43,28,64,,,,,,,27,22,33,13,12,15,21,18,25,5079,5,4,6,780,2,2,3,158,635:01:00,135,42327,64,62,65,10013,15,14,17,59,0,7,13,1,65.6,64.6,1709,86,,,,,,,,,,,,,0.17,21535,11030,47,59516,70886,0.84,0.81,0.87,74791,71249,78333,67041,45927,88155,80230,64801,95659,51492,39994,62990,55326,40505,70147,84179,80929,87429,53,6,59,3,2,4,,,,,,,,,,,,,,,,,,,,,,77,7,6,9,,,,,,,,,,14,8,22,,,,,,,6,5,8,42,5,4,7,,,,,,,,,,11,5,20,,,,,,,5,3,7,8,5,11,,,,21.3,18.2,50.7,1212,0.8,9526,6,13308,8.3,505,0.3,19442,12.2,110806,69.3,24,1587,1,1,1,8329,34406,24,21,27,13986,8.8,159902
2025,36095,New York,Schoharie,78.9,77.9,80,,,,,,,,,,,,,,,,,,,,,,460,360,323,396,,,,,,,,,,,,,,,,,,,,,,11,43,21,76,,,,,,,,,,,,,,,,,,,,,,,,,,,,,,,,,,,,,,,,,,,,,,,13,12,15,9,8,11,29,110,38,31,45,20,18,22,23,14,9,22,15,,,,,,,,,,,,,,,,,,,,,,,,,415,1,3610,12,40,34,47,10,8,13,,,,,,,,,,,,,,,,,,,,,,40,133.1,23,19,28,2,45,4,1,12,22,24,15,37,,,,,,,,,,,,,,,,,,,,,,19,17,22,25,22,29,946,6,5,7,152,3,2,4,73,1368:01:00,16,9662,78,75,80,1289,11,9,13,1,0,0,12,1,52.1,62.3,327,91,,,,,,,,,,,,,0.03,29794,15232,49,53699,62619,0.86,0.77,0.95,63768,56008,71528,,,,,,,,,,57500,34061,80939,71850,67954,75746,10,8,53,,,,,,,,,,,,,,,,,,,,,,,,,32,15,10,21,,,,,,,,,,,,,,,,,,,,,,17,11,6,18,,,,,,,,,,,,,,,,,,,,,,4,1,7,,,,17.2,24.7,49.7,108,0.4,259,0.9,1254,4.2,9,0,467,1.6,27561,91.5,31,48,0,0,1,1061,5218,20,15,25,24674,83,30105
2025,36097,New York,Schuyler,76.5,75.3,77.8,,,,,,,,,,,,,,,,,,,,,,315,404,354,453,,,,,,,,,,,,,,,,,,,,,,,,,,,,,,,,,,,,,,,,,,,,,,,,,,,,,,,,,,,,,,,,,,,,,,,,14,12,15,9,8,11,,,38,30,46,20,18,22,15,16,9,27,17,,,,,,,,,,,,,,,,,,,,,,,,,65,0,2500,14,40,33,47,13,9,18,,,,,,,,,,,,,,,,,,,,,,43,243.6,23,18,28,3,9,33,15,51,13,24,13,42,,,,,,,,,,,,,,,,,,,,,,20,17,22,26,22,31,626,6,5,7,128,4,2,5,63,1592:01:00,15,5780,78,76,81,782,11,8,14,36,0,0,26,0,56.9,68.4,148,91,,,,,,,,,,,,,0.04,25552,11955,43,50910,66662,0.76,0.66,0.86,65210,57548,72872,33333,11861,54805,119500,29286,209714,36042,15408,56676,,,,65697,59460,71934,4,5,39,,,,,,,,,,,,,,,,,,,,,,,,,,,,,,,,,,,,,,,,,,,,,,,,,,,,,,,,,,,,,,,,,,,,,,,,,,,,,,,,,18.9,23.9,49.7,63,0.4,122,0.7,377,2.2,8,0,187,1.1,16442,93.9,30,58,0,0,1,474,3369,14,8,20,17898,100,17507
2025,36099,New York,Seneca,77.6,76.6,78.5,,,,,,,,,,,,,,,,,,,,,,512,386,350,422,,,,,,,,,,,,,,,,,,,,,,18,61,36,96,,,,,,,,,,,,,,,,,,,,,,,,,,,,,,,,,,,,,,,,,,,,,,,12,11,14,9,8,10,75,266,37,32,43,18,17,20,22,12,8,19,13,,,,,,,,,,,,,,,,,,,,,,,,,726,2,4400,13,37,33,42,14,11,17,,,,,,,,,,,,,,,,,,,,,,66,200.7,22,19,26,5,20,25,13,38,19,19,11,30,,,,,,,,,,,,,,,,,,,,,,16,15,18,25,22,28,1207,7,5,8,287,4,3,6,90,1115:01:00,21,9848,72,70,74,1588,12,10,14,42,0,5,23,0,58.1,58,322,87,,,,,,,,,,,,,0.04,26398,13399,56,48813,57269,0.85,0.78,0.93,58581,52459,64703,,,,78269,50184,106354,32250,11109,53391,51125,1071,101179,66671,61787,71555,5,3,52,,,,,,,,,,,,,,,,,,,,,,,,,20,8,5,13,,,,,,,,,,,,,,,,,,,,,,11,7,3,12,,,,,,,,,,,,,,,,,,,,,,14,8,19,,,,20.7,22.4,48.7,183,0.6,269,0.8,1399,4.3,10,0,975,3,29008,89.7,28,259,1,0,1,996,6744,15,12,18,19584,57.9,32349
2025,36101,New York,Steuben,76.3,75.8,76.9,86.6,78.2,95,,,,,,,,,,,,,,,,76.1,75.5,76.6,1650,437,415,460,,,,,,,,,,675,468,944,,,,,,,445,421,468,39,44,32,61,,,,,,,,,,,,,,,,,,,,,,43,6,4,8,,,,,,,,,,,,,,,,,,,,,,12,11,14,9,8,10,85,108,37,30,44,19,17,21,69,13,10,17,15,,,,,,,,,,,,,,,,,,,,,,,,,4356,4,12310,13,39,33,46,17,15,19,,,,,,,,,,,,,,,,23,12,40,17,15,19,194,209.5,22,18,27,13,47,28,20,36,68,24,19,31,,,,,,,,,,,,,,,,,,,,,,17,15,19,24,20,28,2872,5,5,6,603,3,2,4,107,931:01:00,46,28614,74,72,75,4073,11,10,12,30,0,0,51,1,61.2,63.2,1102,91,,,,,,,,,,,,,0.08,25955,12721,50,49979,60144,0.83,0.77,0.89,64261,59459,69063,,,,119043,103730,134356,42778,32771,52785,57625,31860,83390,64614,62262,66966,42,8,56,,,,,,,,,,,,,,,,,,,,,,,,,56,8,6,11,,,,,,,,,,,,,,,,,,,,,,45,10,7,13,,,,,,,,,,,,,,,,,,,,,,9,6,12,,,,21.4,21.4,49.9,303,0.3,1491,1.6,1910,2.1,32,0,1414,1.5,85624,92.9,28,538,1,0,1,3969,20062,20,17,23,55942,59.8,92162
2025,36103,New York,Suffolk,79.4,79.3,79.5,81.2,80.7,81.7,86.9,80,93.7,85.1,84.1,86.2,74.7,74.1,75.2,,,,,,,79.7,79.5,79.8,17533,315,310,320,292,280,304,362,248,511,197,178,216,494,471,517,,,,,,,306,300,311,472,34,31,37,42,36,49,,,,38,24,57,68,54,85,,,,,,,22,19,26,467,4,4,5,4,4,5,,,,4,2,6,10,8,12,,,,,,,3,2,3,10,9,11,8,7,9,3178,243,30,27,33,16,15,17,669,8,8,9,9,5,4,6,,,,5,3,9,4,3,7,,,,,,,10,9,11,,,,60345,4,123670,8,39,36,43,9,8,9,24,23,25,,,,1,0,1,9,8,10,,,,7,5,9,2,2,3,5195,340.6,21,18,23,178,677,26,24,28,1516,33,32,35,21,19,24,,,,7,4,11,39,32,45,,,,,,,39,36,41,11,10,12,22,20,25,61278,7,6,7,9361,3,2,3,133,752:01:00,158,419631,82,81,83,88486,18,17,18,51,1,0,55,5,66.4,70,19998,91,,,,,,,,,,,,,0.19,38343,25551,41,69669,85110,0.82,0.8,0.84,123219,120047,126391,80481,55425,105537,137158,122684,151632,110885,103386,118384,118129,114435,121823,132338,130514,134162,342,4,,2,2,3,3,3,4,,,,,,,11,9,13,,,,,,,1,1,1,956,9,9,10,12,10,13,,,,5,3,7,15,12,17,,,,,,,8,7,9,296,4,4,4,3,2,3,,,,,,,10,7,13,,,,,,,4,3,4,6,5,7,,,,20.5,18.5,50.4,12011,0.8,74172,4.9,351357,23.1,1871,0.1,119689,7.9,954865,62.7,22,60070,4,4,4,55734,318170,18,17,18,29972,2,1523170
2025,36105,New York,Sullivan,76.1,75.5,76.8,78.5,76.5,80.4,,,,,,,71.7,69.4,74,,,,,,,75.9,75.2,76.7,1346,453,427,479,390,323,457,,,,,,,668,556,780,,,,,,,459,427,490,37,51,36,70,,,,,,,,,,,,,,,,,,,,,,28,5,3,7,,,,,,,,,,,,,,,,,,,,,,13,11,14,11,9,12,314,464,35,28,42,17,15,19,56,13,9,16,15,,,,,,,,,,,,,,,,,,,,,,,,,2207,3,10310,13,41,35,48,17,15,19,25,20,31,,,,,,,9,5,14,,,,25,13,43,16,13,18,213,267.4,21,17,25,16,61,26,20,33,148,63,53,73,51,31,77,,,,,,,100,61,155,,,,,,,65,53,78,15,13,17,26,22,30,3161,7,6,8,582,3,2,5,65,1537:01:00,18,20934,69,67,71,4428,15,13,17,14,1,0,12,3,36.1,62.4,732,82,,,,,,,,,,,,,0.11,34936,18898,59,51279,60895,0.84,0.78,0.91,68063,60683,75443,37757,17561,57953,70714,28379,113049,72813,43146,102480,59592,46129,73055,72134,68215,76053,19,4,43,4,3,6,,,,,,,,,,,,,,,,,,,,,,79,15,12,18,18,10,29,,,,,,,,,,,,,,,,16,12,20,36,9,7,13,,,,,,,,,,,,,,,,,,,,,,24,12,35,,,,21.6,19.6,48.2,703,0.9,1773,2.2,15456,19.3,73,0.1,7053,8.8,53732,67.2,28,2693,4,3,4,4429,16830,26,21,32,59012,75.1,79920
2025,36107,New York,Tioga,78.6,77.8,79.3,,,,,,,,,,,,,,,,,,,,,,727,358,330,386,,,,,,,,,,,,,,,,,,,,,,21,49,30,75,,,,,,,,,,,,,,,,,,,,,,,,,,,,,,,,,,,,,,,,,,,,,,,11,10,12,8,7,10,48,116,35,29,42,17,15,18,29,12,8,18,12,,,,,,,,,,,,,,,,,,,,,,,,,542,1,5540,12,39,33,45,17,14,20,,,,,,,,,,,,,,,,,,,,,,108,226.1,23,19,27,3,32,9,3,19,22,15,10,23,,,,,,,,,,,,,,,,,,,,,,14,12,16,22,19,26,1350,5,4,6,209,2,1,3,75,1325:01:00,27,15811,78,76,80,1909,10,8,12,12,1,0,15,2,69.1,66.1,567,92,,,,,,,,,,,,,0.09,22893,11145,48,47917,63990,0.75,0.65,0.85,67616,59034,76198,,,,228056,66450,389662,81955,26306,137604,51382,14720,88044,71823,68127,75519,7,3,53,,,,,,,,,,,,,,,,,,,,,,,,,41,12,9,16,,,,,,,,,,,,,,,,,,,,,,19,8,5,12,,,,,,,,,,,,,,,,,,,,,,10,3,17,,,,20.1,22.9,49.8,139,0.3,445,0.9,1164,2.4,25,0.1,531,1.1,44792,93.9,26,185,0,0,1,2087,9839,21,15,27,32178,66.4,47715
2025,36109,New York,Tompkins,80.9,80.3,81.5,96.6,78.9,114.3,,,,89.9,84.9,94.9,75,71.1,78.9,,,,,,,80.5,79.8,81.2,880,270,251,289,,,,,,,,,,568,428,739,,,,,,,277,255,298,31,33,22,46,,,,,,,,,,,,,,,,,,,,,,26,5,3,8,,,,,,,,,,,,,,,,,,,,,,11,10,12,8,7,10,164,173,33,27,39,17,15,19,65,13,10,16,13,,,,,,,,,,,,,,,,,,,,,,,,,5534,5,12200,12,36,31,42,3,3,4,5,3,8,,,,,,,5,3,9,,,,6,3,10,3,3,4,378,360.8,23,19,27,8,30,27,17,37,78,25,20,31,,,,,,,,,,104,55,177,,,,,,,25,19,32,13,12,15,21,17,24,3152,5,4,6,370,2,2,3,167,599:01:00,78,23291,54,52,55,7840,19,16,21,59,0,1,26,0,61,57.5,899,87,,,,,,,,,,,,,0.07,26230,14336,41,59061,71318,0.83,0.78,0.88,68222,62299,74145,80000,38263,121737,59382,48066,70698,32836,28125,37547,49011,32890,65132,76537,73751,79323,36,9,59,,,,,,,,,,,,,,,,,,,,,,,,,53,7,5,10,,,,,,,,,,,,,,,,,,,,,,22,4,3,6,,,,,,,,,,,,,,,,,,,,,,,,,,,,13.9,16.8,50.9,559,0.5,10477,10.1,6726,6.5,80,0.1,4189,4,78582,75.9,25,843,1,1,1,3499,14665,24,19,29,46638,44.1,103558
2025,36111,New York,Ulster,78.8,78.4,79.2,81.8,79.9,83.8,,,,87.9,82.2,93.7,73.8,71.7,75.9,,,,,,,78.9,78.4,79.3,2557,347,333,362,299,251,347,,,,186,113,287,564,483,645,,,,,,,342,326,358,60,42,32,54,,,,,,,,,,112,54,207,,,,,,,38,27,53,45,4,3,6,,,,,,,,,,,,,,,,,,,,,,11,10,13,9,8,10,567,352,32,27,38,17,15,18,132,13,11,15,15,,,,,,,,,,,,,,,,,,,,,,,,,11199,6,23310,13,37,32,43,8,7,9,14,11,17,,,,,,,11,7,17,,,,17,12,24,6,5,6,465,255,23,19,27,14,80,18,12,24,232,43,37,48,36,23,55,,,,,,,80,52,117,,,,,,,42,36,48,14,12,16,22,18,25,8845,8,7,10,856,3,2,4,76,1312:01:00,55,51163,70,68,72,12641,18,16,20,34,1,1,23,3,60.2,69.3,1868,87,,,,,,,,,,,,,0.05,31702,18450,49,58763,72196,0.81,0.76,0.87,84593,80156,89030,50650,3838,97462,119327,56211,182443,76366,61455,91277,62600,50435,74765,83974,80591,87357,71,9,,2,1,3,,,,,,,,,,,,,,,,,,,,,,116,9,8,11,8,4,15,,,,,,,,,,,,,,,,10,8,12,66,7,6,9,,,,,,,,,,,,,,,,,,,,,,9,6,12,,,,16.8,21.9,50.2,1018,0.6,4329,2.4,22610,12.4,101,0.1,11025,6,139569,76.5,27,2007,1,1,1,6960,30953,22,19,26,102061,56.1,182333
2025,36113,New York,Warren,78.1,77.4,78.8,,,,,,,,,,,,,,,,,,,,,,1003,358,333,383,,,,,,,,,,,,,,,,,,,,,,21,41,26,63,,,,,,,,,,,,,,,,,,,,,,23,6,4,9,,,,,,,,,,,,,,,,,,,,,,13,11,14,8,7,10,75,130,35,29,41,19,17,21,34,11,7,16,11,,,,,,,,,,,,,,,,,,,,,,,,,3505,5,7700,12,36,31,42,12,10,14,,,,,,,,,,,,,,,,,,,,,,140,213.4,23,19,28,13,40,33,24,41,40,21,15,28,,,,,,,,,,,,,,,,,,,,,,18,16,20,25,22,29,2124,6,5,7,338,3,2,4,277,361:01:00,69,21470,71,69,73,3599,12,11,14,83,0,0,25,1,55.2,70.4,710,85,,,,,,,,,,,,,0.04,29109,15822,42,55437,68298,0.81,0.74,0.89,73115,67575,78655,51000,49673,52327,67358,18975,115741,,,,94327,24905,163749,79201,73871,84531,23,8,67,,,,,,,,,,,,,,,,,,,,,,,,,39,9,6,12,,,,,,,,,,,,,,,,,,,,,,16,5,3,8,,,,,,,,,,,,,,,,,,,,,,,,,,,,17.3,25,50.3,228,0.3,671,1,2033,3.1,20,0,963,1.5,60556,92.6,29,298,0,0,1,2270,11579,20,15,24,21138,32.2,65380
2025,36115,New York,Washington,76.6,75.9,77.3,,,,,,,,,,,,,,,,,,,,,,1024,414,387,441,,,,,,,,,,,,,,,,,,,,,,24,48,31,72,,,,,,,,,,,,,,,,,,,,,,23,6,4,9,,,,,,,,,,,,,,,,,,,,,,12,11,13,9,8,10,115,216,36,30,42,18,16,20,48,14,10,19,16,,,,,,,,,,,,,,,,,,,,,,,,,1495,2,7410,12,35,30,41,18,16,21,,,,,,,,,,,,,,,,,,,,,,97,159.4,24,20,28,7,36,19,11,29,53,29,22,38,,,,,,,,,,,,,,,,,,,,,,16,14,18,24,21,28,2137,6,5,7,342,3,2,4,57,1766:01:00,32,18568,77,74,79,2596,11,9,13,35,0,2,19,0,59.5,57.5,644,86,,,,,,,,,,,,,0.08,25068,11936,44,47498,57680,0.82,0.77,0.88,71396,66646,76146,93929,38779,149079,58750,36419,81081,123125,43551,202699,88918,56764,121072,72564,69834,75294,11,4,70,,,,,,,,,,,,,,,,,,,,,,,,,59,14,10,18,,,,,,,,,,,,,,,,,,,,,,26,9,6,12,,,,,,,,,,,,,,,,,,,,,,10,4,15,,,,18.3,22.5,48.7,229,0.4,373,0.6,1778,3,27,0,1310,2.2,55655,92.7,27,592,1,1,1,2090,11291,19,14,23,46282,75.5,60047
2025,36117,New York,Wayne,77.2,76.6,77.9,81.2,76.3,86.2,,,,,,,68.5,64.4,72.7,,,,,,,77.3,76.7,78,1420,400,377,423,293,198,418,,,,,,,830,628,1075,,,,,,,395,372,418,52,63,47,82,,,,,,,,,,,,,,,,,,,,,,50,8,6,10,,,,,,,,,,,,,,,,,,,,,,11,10,13,8,7,10,105,135,37,30,45,18,16,20,68,15,11,19,15,,,,,,,,,,,,,,,,,,,,,,,,,1821,2,10400,11,38,32,45,14,12,15,25,17,36,,,,,,,17,8,31,,,,19,11,32,13,11,14,293,321.5,25,20,30,16,50,32,25,39,69,25,20,32,,,,,,,,,,,,,,,,,,,,,,15,13,17,23,20,27,3199,6,5,7,746,4,2,5,70,1419:01:00,19,30531,80,78,81,4195,11,10,13,25,0,1,13,0,58.6,64.2,1054,87,,,,,,,,,,,,,0.08,25065,12785,50,49516,61477,0.81,0.76,0.85,73028,66490,79566,36263,35360,37166,,,,49831,24583,75079,58236,44383,72089,76029,72880,79178,18,4,53,3,2,5,,,,,,,,,,,,,,,,,,,,,,80,13,10,16,,,,,,,,,,,,,,,,,,,,,,36,8,6,11,,,,,,,,,,,,,,,,,,,,,,9,5,13,,,,20.8,21.5,49.9,387,0.4,705,0.8,4885,5.4,48,0.1,2587,2.8,80393,88.5,26,816,1,1,1,3153,19230,16,13,19,68261,74.8,90829
2025,36119,New York,Westchester,82,81.8,82.2,83.8,83.2,84.4,,,,89.8,88.5,91.1,77.6,77,78.1,,,,,,,82.7,82.5,82.9,8921,248,243,253,248,236,259,,,,135,120,151,443,424,462,,,,,,,212,205,219,271,29,25,32,32,26,39,,,,27,15,44,59,46,74,,,,,,,18,14,22,248,4,3,4,4,3,5,,,,,,,7,5,9,,,,,,,2,1,3,10,9,11,8,7,9,3473,410,27,24,30,14,13,15,365,7,6,8,7,5,4,7,,,,6,4,10,5,4,7,,,,,,,8,7,10,,,,12894,1,94220,9,36,33,39,6,6,6,15,14,16,,,,1,1,2,9,7,10,,,,4,3,6,1,1,1,3800,383.7,20,18,23,30,170,18,14,22,564,19,18,21,13,11,16,,,,,,,37,31,43,,,,,,,20,17,22,9,8,10,20,18,22,37558,6,6,7,4990,2,2,3,122,818:01:00,364,230294,62,61,63,69185,19,18,20,82,1,30,26,4,66.9,70,11283,91,,,,,,,,,,,,,0.23,32598,20678,46,82767,93902,0.88,0.85,0.91,114020,109291,118749,75020,50779,99261,170440,158258,182622,77471,72942,82000,87717,84865,90569,148063,143422,152704,329,6,63,2,2,3,2,1,3,,,,,,,10,8,12,,,,,,,1,1,1,284,4,4,5,5,4,6,,,,,,,6,4,7,,,,,,,4,3,4,142,3,2,3,2,1,3,,,,,,,8,6,10,,,,,,,2,2,3,5,4,6,,,,21,18.8,51.2,11398,1.2,68123,6.9,272700,27.5,1565,0.2,132829,13.4,501245,50.6,21,52695,6,5,6,43440,213741,20,19,22,45533,4.5,990817
2025,36121,New York,Wyoming,78.1,77.3,78.9,,,,,,,,,,,,,,,,,,,,,,555,337,307,367,,,,,,,,,,,,,,,,,,,,,,10,31,15,57,,,,,,,,,,,,,,,,,,,,,,,,,,,,,,,,,,,,,,,,,,,,,,,12,11,14,9,8,10,95,275,36,28,44,18,16,20,27,12,8,18,14,,,,,,,,,,,,,,,,,,,,,,,,,1798,4,4630,12,40,33,47,9,7,11,,,,,,,,,,,,,,,,,,,,,,57,143.7,23,18,28,6,17,35,22,48,24,20,13,30,,,,,,,,,,,,,,,,,,,,,,17,15,19,25,21,30,1137,5,4,6,214,3,2,4,66,1520:01:00,3,12518,77,75,79,1122,7,6,9,33,0,0,55,1,57.4,61.1,324,93,,,,,,,,,,,,,0.06,23848,12113,46,46147,56902,0.81,0.75,0.87,70775,65916,75634,,,,48438,10285,86591,65777,34071,97483,117583,51517,183649,68844,65881,71807,10,5,64,,,,,,,,,,,,,,,,,,,,,,,,,27,10,6,14,,,,,,,,,,,,,,,,,,,,,,11,6,3,10,,,,,,,,,,,,,,,,,,,,,,8,3,13,,,,18.3,21.1,46.2,187,0.5,209,0.5,1468,3.7,24,0.1,1636,4.1,35700,90.3,28,202,1,0,1,1233,7477,16,13,20,36465,90,39532
2025,36123,New York,Yates,78.1,77.1,79.2,,,,,,,,,,,,,,,,,,,,,,330,330,291,370,,,,,,,,,,,,,,,,,,,,,,10,40,19,73,,,,,,,,,,,,,,,,,,,,,,,,,,,,,,,,,,,,,,,,,,,,,,,14,12,15,10,8,11,15,73,35,29,43,19,17,21,18,15,8,24,15,,,,,,,,,,,,,,,,,,,,,,,,,45,0,3020,12,38,32,45,10,7,12,,,,,,,,,,,,,,,,,,,,,,40,163.6,22,18,27,4,18,22,10,36,,,,,,,,,,,,,,,,,,,,,,,,,,18,17,21,27,23,31,1311,10,8,12,444,8,5,11,82,1224:01:00,18,7024,77,74,80,1068,12,10,15,23,0,3,25,1,51.7,56.2,169,80,,,,,,,,,,,,,0.03,24931,9915,55,46339,51205,0.9,0.79,1.02,66155,58494,73816,,,,38720,38211,39229,,,,62679,40820,84538,68471,63978,72964,4,3,,,,,,,,,,,,,,,,,,,,,,,,,,22,13,8,19,,,,,,,,,,,,,,,,,,,,,,11,9,4,16,,,,,,,,,,,,,,,,,,,,,,,,,,,,22.7,23.1,50.7,74,0.3,196,0.8,611,2.5,31,0.1,267,1.1,23057,94.2,30,183,1,0,1,1114,5582,20,14,26,16984,68.6,24472
